distance,source,target
0.0,Sun,Sun
4.226040593747296,Sun,Gl-551
4.354670333102151,Sun,Gl-559B
4.354670333102151,Sun,Gl-559A
9.562127132599734,Sun,Gl-729
8.56742886109946,Sun,Gl-65A
8.574223911818493,Sun,Gl-244B
8.574223911818493,Sun,Gl-244A
5.9813910037716145,Sun,Gl-699
7.79733776618661,Sun,Gl-406
8.209526649569998,Sun,Gl-411
0.0,GJ-1123,GJ-1123
5.728266711667675,GJ-1123,Gl-231
7.260462922569058,GJ-1123,GJ-1128
6.361712676630407,GJ-1123,Gl-293
0.0,Gl-19,Gl-19
6.627441172126693,Gl-19,Gl-877
7.366593530255352,Gl-19,Gl-54
7.714590634635126,Gl-19,Gl-780
5.386515973242817,Gl-19,Gl-17
8.25800868853987,Gl-19,Gl-66B
8.25800868853987,Gl-19,Gl-66A
6.627441172126693,Gl-877,Gl-19
0.0,Gl-877,Gl-877
6.157557678982796,Gl-877,Gl-54
6.0713330579041696,Gl-877,Gl-827
6.676931991566187,Gl-877,Gl-17
5.728266711667675,Gl-231,GJ-1123
0.0,Gl-231,Gl-231
7.666739068208856,Gl-231,Gl-293
7.260462922569058,GJ-1128,GJ-1123
0.0,GJ-1128,GJ-1128
4.404717694699628,GJ-1128,Gl-293
6.5460068583832065,GJ-1128,Gl-440
6.372183673592593,GJ-1128,NN-3618
6.361712676630407,Gl-293,GJ-1123
7.666739068208856,Gl-293,Gl-231
4.404717694699628,Gl-293,GJ-1128
0.0,Gl-293,Gl-293
9.94354680081509,Gl-293,NN-3618
7.366593530255352,Gl-54,Gl-19
6.157557678982796,Gl-54,Gl-877
0.0,Gl-54,Gl-54
4.310586963512046,Gl-54,Gl-17
7.110005199716804,Gl-54,Gl-66B
7.110005199716804,Gl-54,Gl-66A
7.714590634635126,Gl-780,Gl-19
0.0,Gl-780,Gl-780
6.29898456419763,Gl-780,Gl-693
8.408745548534572,Gl-780,Gl-845
6.872468767480867,Gl-780,Gl-832
8.995289795220609,Gl-780,Gl-674
6.974572022712219,Gl-780,Gl-754
7.136962491144254,Gl-780,Gl-784
9.298133283622041,Gl-780,Gl-682
9.748945881478672,Gl-780,Gl-825
9.614753395173482,Gl-780,Gl-783A
6.0713330579041696,Gl-827,Gl-877
0.0,Gl-827,Gl-827
9.315704630354059,Gl-827,Gl-17
5.386515973242817,Gl-17,Gl-19
6.676931991566187,Gl-17,Gl-877
4.310586963512046,Gl-17,Gl-54
9.315704630354059,Gl-17,Gl-827
0.0,Gl-17,Gl-17
5.37168224209139,Gl-17,Gl-66B
5.37168224209139,Gl-17,Gl-66A
9.481086105505002,Gl-17,Gl-915
6.5460068583832065,Gl-440,GJ-1128
0.0,Gl-440,Gl-440
2.021154110898028,Gl-440,NN-3618
4.226040593747296,Gl-551,Sun
0.0,Gl-551,Gl-551
0.20789326588420304,Gl-551,Gl-559B
0.20789326588420304,Gl-551,Gl-559A
9.15793939104207,Gl-551,Gl-845
8.117344490657029,Gl-551,Gl-729
9.325025416051153,Gl-551,Gl-244B
9.325025416051153,Gl-551,Gl-244A
6.5529485912831635,Gl-551,Gl-699
8.242746164962258,Gl-551,Gl-406
6.372183673592593,NN-3618,GJ-1128
9.94354680081509,NN-3618,Gl-293
2.021154110898028,NN-3618,Gl-440
0.0,NN-3618,NN-3618
4.354670333102151,Gl-559B,Sun
0.20789326588420304,Gl-559B,Gl-551
0.0,Gl-559B,Gl-559B
0.0,Gl-559B,Gl-559A
9.160323682054035,Gl-559B,Gl-845
7.990131368757338,Gl-559B,Gl-729
9.511932732100243,Gl-559B,Gl-244B
9.511932732100243,Gl-559B,Gl-244A
6.4735803455275045,Gl-559B,Gl-699
8.282552077107633,Gl-559B,Gl-406
4.354670333102151,Gl-559A,Sun
0.20789326588420304,Gl-559A,Gl-551
0.0,Gl-559A,Gl-559B
0.0,Gl-559A,Gl-559A
9.160323682054035,Gl-559A,Gl-845
7.990131368757338,Gl-559A,Gl-729
9.511932732100243,Gl-559A,Gl-244B
9.511932732100243,Gl-559A,Gl-244A
6.4735803455275045,Gl-559A,Gl-699
8.282552077107633,Gl-559A,Gl-406
6.29898456419763,Gl-693,Gl-780
0.0,Gl-693,Gl-693
5.827012658300991,Gl-693,Gl-674
6.684182471327365,Gl-693,Gl-666B
6.684182471327365,Gl-693,Gl-666A
6.30286957821594,Gl-693,Gl-754
8.77830363452985,Gl-693,Gl-784
5.847821486673477,Gl-693,Gl-682
9.117799921581959,Gl-693,Gl-588
9.197490578413221,Gl-693,Gl-667C
9.199322423961451,Gl-693,Gl-667A
8.408745548534572,Gl-845,Gl-780
9.15793939104207,Gl-845,Gl-551
9.160323682054035,Gl-845,Gl-559B
9.160323682054035,Gl-845,Gl-559A
0.0,Gl-845,Gl-845
4.381964397390741,Gl-845,Gl-832
9.866781247195055,Gl-845,Gl-674
9.98073039311252,Gl-845,Gl-754
4.233276860778184,Gl-845,Gl-825
7.11470316527682,Gl-845,Gl-1
9.952844306528661,Gl-845,Gl-783A
4.614288914881685,Gl-845,Gl-887
8.595754787684442,Gl-845,Gl-729
9.572364655611485,Gl-845,Gl-65A
8.01320107198116,Gl-845,Gl-866AB
8.25800868853987,Gl-66B,Gl-19
7.110005199716804,Gl-66B,Gl-54
5.37168224209139,Gl-66B,Gl-17
0.0,Gl-66B,Gl-66B
0.0,Gl-66B,Gl-66A
9.037810416798973,Gl-66B,Gl-915
7.71716600961778,Gl-66B,Gl-139
8.25800868853987,Gl-66A,Gl-19
7.110005199716804,Gl-66A,Gl-54
5.37168224209139,Gl-66A,Gl-17
0.0,Gl-66A,Gl-66B
0.0,Gl-66A,Gl-66A
9.037810416798973,Gl-66A,Gl-915
7.71716600961778,Gl-66A,Gl-139
0.0,Gl-479,Gl-479
4.019410769005825,Gl-479,Gl-438
6.907295349121824,Gl-479,NN-3737
4.019410769005825,Gl-438,Gl-479
0.0,Gl-438,Gl-438
8.320060954704596,Gl-438,NN-3737
6.872468767480867,Gl-832,Gl-780
4.381964397390741,Gl-832,Gl-845
0.0,Gl-832,Gl-832
7.404896154572324,Gl-832,Gl-754
6.361119027341022,Gl-832,Gl-784
3.606557522070041,Gl-832,Gl-825
7.644809170280185,Gl-832,Gl-1
6.6053116270165475,Gl-832,Gl-783A
6.1178979437385195,Gl-832,Gl-887
9.874525437710918,Gl-832,Gl-881
9.031180446652586,Gl-832,Gl-866AB
0.0,GJ-2034,GJ-2034
7.791183291387772,GJ-2034,Gl-139
8.995289795220609,Gl-674,Gl-780
5.827012658300991,Gl-674,Gl-693
9.866781247195055,Gl-674,Gl-845
0.0,Gl-674,Gl-674
9.898106911425034,Gl-674,Gl-666B
9.898106911425034,Gl-674,Gl-666A
6.704128131233769,Gl-674,Gl-754
9.830681356854164,Gl-674,Gl-784
0.9691913846088391,Gl-674,Gl-682
8.056915509672422,Gl-674,Gl-588
9.761503118372703,Gl-674,Gl-783A
9.306993670353492,Gl-674,Gl-667C
9.307666540008832,Gl-674,Gl-667A
6.247453924600005,Gl-674,Gl-663B
6.2479422196432,Gl-674,Gl-663A
6.568773195962849,Gl-674,Gl-664
7.8486605870046375,Gl-674,Gl-729
8.90939988158574,Gl-674,Gl-628
6.684182471327365,Gl-666B,Gl-693
9.898106911425034,Gl-666B,Gl-674
0.0,Gl-666B,Gl-666B
0.0,Gl-666B,Gl-666A
9.953806630128998,Gl-666B,Gl-754
9.410229916957396,Gl-666B,Gl-682
9.091817471770977,Gl-666B,Gl-588
6.154645922390662,Gl-666B,Gl-618B
6.154645922390662,Gl-666B,Gl-618A
5.075142162540868,Gl-666B,Gl-667C
5.077174100816319,Gl-666B,Gl-667A
6.684182471327365,Gl-666A,Gl-693
9.898106911425034,Gl-666A,Gl-674
0.0,Gl-666A,Gl-666B
0.0,Gl-666A,Gl-666A
9.953806630128998,Gl-666A,Gl-754
9.410229916957396,Gl-666A,Gl-682
9.091817471770977,Gl-666A,Gl-588
6.154645922390662,Gl-666A,Gl-618B
6.154645922390662,Gl-666A,Gl-618A
5.075142162540868,Gl-666A,Gl-667C
5.077174100816319,Gl-666A,Gl-667A
0.0,Gl-367,Gl-367
9.076184018077202,Gl-367,Gl-318
6.974572022712219,Gl-754,Gl-780
6.30286957821594,Gl-754,Gl-693
9.98073039311252,Gl-754,Gl-845
7.404896154572324,Gl-754,Gl-832
6.704128131233769,Gl-754,Gl-674
9.953806630128998,Gl-754,Gl-666B
9.953806630128998,Gl-754,Gl-666A
0.0,Gl-754,Gl-754
3.397748716429749,Gl-754,Gl-784
6.236292708011708,Gl-754,Gl-682
8.4271736626226,Gl-754,Gl-825
4.313993339123277,Gl-754,Gl-783A
9.763374198503303,Gl-754,Gl-663B
9.76383840402943,Gl-754,Gl-663A
9.831048321516887,Gl-754,Gl-664
7.136962491144254,Gl-784,Gl-780
8.77830363452985,Gl-784,Gl-693
6.361119027341022,Gl-784,Gl-832
9.830681356854164,Gl-784,Gl-674
3.397748716429749,Gl-784,Gl-754
0.0,Gl-784,Gl-784
9.475532111707501,Gl-784,Gl-682
8.167947279457673,Gl-784,Gl-825
3.3790875647132905,Gl-784,Gl-783A
8.662857005630418,Gl-784,Gl-799A
0.0,Gl-191,Gl-191
4.131835999891573,Gl-191,GJ-1061
9.601625883671995,Gl-191,Gl-139
9.18184659477602,Gl-191,Gl-229
9.910259064726814,Gl-191,Gl-65A
7.374447589480855,Gl-191,Gl-244B
7.374447589480855,Gl-191,Gl-244A
8.418712419960666,Gl-191,Gl-144
9.969951011915756,Gl-191,Gl-166C
9.969951011915756,Gl-191,Gl-166B
9.972496771120058,Gl-191,Gl-166A
4.131835999891573,GJ-1061,Gl-191
0.0,GJ-1061,GJ-1061
6.509313753384454,GJ-1061,Gl-139
9.789243597438976,GJ-1061,Gl-1
8.69346216302803,GJ-1061,Gl-65A
9.273946997368487,GJ-1061,Gl-54.1
8.432042936916297,GJ-1061,Gl-71
8.078400720439657,GJ-1061,Gl-144
9.79798403397352,GJ-1061,Gl-166C
9.79798403397352,GJ-1061,Gl-166B
9.797977103463756,GJ-1061,Gl-166A
9.298133283622041,Gl-682,Gl-780
5.847821486673477,Gl-682,Gl-693
0.9691913846088391,Gl-682,Gl-674
9.410229916957396,Gl-682,Gl-666B
9.410229916957396,Gl-682,Gl-666A
6.236292708011708,Gl-682,Gl-754
9.475532111707501,Gl-682,Gl-784
0.0,Gl-682,Gl-682
8.19109841291142,Gl-682,Gl-588
9.28966555964207,Gl-682,Gl-783A
8.540585852270322,Gl-682,Gl-667C
8.541264141800088,Gl-682,Gl-667A
5.554869251386571,Gl-682,Gl-663B
5.5553772509164485,Gl-682,Gl-663A
5.841403572772557,Gl-682,Gl-664
7.905031199811927,Gl-682,Gl-729
8.809270592392993,Gl-682,Gl-628
0.0,Gl-257A,Gl-257A
9.481086105505002,Gl-915,Gl-17
9.037810416798973,Gl-915,Gl-66B
9.037810416798973,Gl-915,Gl-66A
0.0,Gl-915,Gl-915
7.703937814520572,Gl-915,Gl-879
8.645113871430498,Gl-915,Gl-881
7.71716600961778,Gl-139,Gl-66B
7.71716600961778,Gl-139,Gl-66A
7.791183291387772,Gl-139,GJ-2034
9.601625883671995,Gl-139,Gl-191
6.509313753384454,Gl-139,GJ-1061
0.0,Gl-139,Gl-139
9.117799921581959,Gl-588,Gl-693
8.056915509672422,Gl-588,Gl-674
9.091817471770977,Gl-588,Gl-666B
9.091817471770977,Gl-588,Gl-666A
8.19109841291142,Gl-588,Gl-682
0.0,Gl-588,Gl-588
6.584192218488156,Gl-588,Gl-618B
6.584192218488156,Gl-588,Gl-618A
8.846412630552566,Gl-588,Gl-667C
8.846049631897843,Gl-588,Gl-667A
5.245159473266757,Gl-588,NN-3877
8.598771957087827,Gl-588,Gl-663B
8.599064007785966,Gl-588,Gl-663A
8.64822086847925,Gl-588,Gl-664
7.148515421400447,Gl-588,Gl-570A
7.149960035552648,Gl-588,Gl-570B
9.748945881478672,Gl-825,Gl-780
4.233276860778184,Gl-825,Gl-845
3.606557522070041,Gl-825,Gl-832
8.4271736626226,Gl-825,Gl-754
8.167947279457673,Gl-825,Gl-784
0.0,Gl-825,Gl-825
7.949861332752918,Gl-825,Gl-1
6.811026231780347,Gl-825,Gl-783A
4.644155360235056,Gl-825,Gl-887
7.211556682852879,Gl-825,Gl-729
6.206600024167821,Gl-825,Gl-866AB
8.281447345724056,Gl-825,Gl-876
6.907295349121824,NN-3737,Gl-479
8.320060954704596,NN-3737,Gl-438
0.0,NN-3737,NN-3737
6.154645922390662,Gl-618B,Gl-666B
6.154645922390662,Gl-618B,Gl-666A
6.584192218488156,Gl-618B,Gl-588
0.0,Gl-618B,Gl-618B
0.0,Gl-618B,Gl-618A
5.4041805206710105,Gl-618B,Gl-667C
5.40348003975216,Gl-618B,Gl-667A
9.14028331563087,Gl-618B,NN-3877
9.650665248572246,Gl-618B,Gl-663B
9.650882027048098,Gl-618B,Gl-663A
9.326679976283096,Gl-618B,Gl-664
6.154645922390662,Gl-618A,Gl-666B
6.154645922390662,Gl-618A,Gl-666A
6.584192218488156,Gl-618A,Gl-588
0.0,Gl-618A,Gl-618B
0.0,Gl-618A,Gl-618A
5.4041805206710105,Gl-618A,Gl-667C
5.40348003975216,Gl-618A,Gl-667A
9.14028331563087,Gl-618A,NN-3877
9.650665248572246,Gl-618A,Gl-663B
9.650882027048098,Gl-618A,Gl-663A
9.326679976283096,Gl-618A,Gl-664
7.11470316527682,Gl-1,Gl-845
7.644809170280185,Gl-1,Gl-832
9.789243597438976,Gl-1,GJ-1061
7.949861332752918,Gl-1,Gl-825
0.0,Gl-1,Gl-1
4.227558337858865,Gl-1,Gl-887
8.160579573167581,Gl-1,Gl-881
8.226768757537798,Gl-1,Gl-65A
6.350326582153079,Gl-1,Gl-54.1
6.438195977135209,Gl-1,GJ-1005AB
7.5894632036791645,Gl-1,Gl-71
7.3805569850791075,Gl-1,Gl-866AB
7.339525098397035,Gl-1,Gl-876
7.749336860661046,Gl-1,GJ-1002
9.614753395173482,Gl-783A,Gl-780
9.952844306528661,Gl-783A,Gl-845
6.6053116270165475,Gl-783A,Gl-832
9.761503118372703,Gl-783A,Gl-674
4.313993339123277,Gl-783A,Gl-754
3.3790875647132905,Gl-783A,Gl-784
9.28966555964207,Gl-783A,Gl-682
6.811026231780347,Gl-783A,Gl-825
0.0,Gl-783A,Gl-783A
8.617998032605948,Gl-783A,Gl-799A
4.614288914881685,Gl-887,Gl-845
6.1178979437385195,Gl-887,Gl-832
4.644155360235056,Gl-887,Gl-825
4.227558337858865,Gl-887,Gl-1
0.0,Gl-887,Gl-887
9.90555964042416,Gl-887,Gl-881
9.978235983379028,Gl-887,Gl-729
7.118575102504713,Gl-887,Gl-65A
6.93016508749972,Gl-887,Gl-54.1
8.44956945293664,Gl-887,GJ-1005AB
7.915719725963015,Gl-887,Gl-71
4.206170292558303,Gl-887,Gl-866AB
6.404258093643635,Gl-887,Gl-876
8.193363826902843,Gl-887,GJ-1002
9.197490578413221,Gl-667C,Gl-693
9.306993670353492,Gl-667C,Gl-674
5.075142162540868,Gl-667C,Gl-666B
5.075142162540868,Gl-667C,Gl-666A
8.540585852270322,Gl-667C,Gl-682
8.846412630552566,Gl-667C,Gl-588
5.4041805206710105,Gl-667C,Gl-618B
5.4041805206710105,Gl-667C,Gl-618A
0.0,Gl-667C,Gl-667C
0.0024698178070457094,Gl-667C,Gl-667A
6.611789907430513,Gl-667C,Gl-663B
6.6120498682329965,Gl-667C,Gl-663A
6.167298526907872,Gl-667C,Gl-664
9.194482624378601,Gl-667C,GJ-1224
9.199322423961451,Gl-667A,Gl-693
9.307666540008832,Gl-667A,Gl-674
5.077174100816319,Gl-667A,Gl-666B
5.077174100816319,Gl-667A,Gl-666A
8.541264141800088,Gl-667A,Gl-682
8.846049631897843,Gl-667A,Gl-588
5.40348003975216,Gl-667A,Gl-618B
5.40348003975216,Gl-667A,Gl-618A
0.0024698178070457094,Gl-667A,Gl-667C
0.0,Gl-667A,Gl-667A
6.610887506227889,Gl-667A,Gl-663B
6.611147308901836,Gl-667A,Gl-663A
6.166317229919331,Gl-667A,Gl-664
9.193502694294487,Gl-667A,GJ-1224
9.076184018077202,Gl-318,Gl-367
0.0,Gl-318,Gl-318
8.375764815824285,Gl-318,Gl-357
8.662857005630418,Gl-799A,Gl-784
8.617998032605948,Gl-799A,Gl-783A
0.0,Gl-799A,Gl-799A
5.179413822045888,Gl-799A,Gl-785
7.703937814520572,Gl-879,Gl-915
0.0,Gl-879,Gl-879
4.314839737464187,Gl-879,Gl-881
4.026750973179246,Gl-879,Gl-884
6.117491611763763,Gl-879,Gl-867B
6.117491611763763,Gl-879,Gl-867A
6.963948504261071,Gl-879,NN-4274
9.874525437710918,Gl-881,Gl-832
8.645113871430498,Gl-881,Gl-915
8.160579573167581,Gl-881,Gl-1
9.90555964042416,Gl-881,Gl-887
4.314839737464187,Gl-881,Gl-879
0.0,Gl-881,Gl-881
5.07941126509756,Gl-881,Gl-884
8.227788326154242,Gl-881,Gl-867B
8.227788326154242,Gl-881,Gl-867A
6.478066187528497,Gl-881,NN-4274
8.4078813960474,Gl-881,GJ-1005AB
7.548974662826734,Gl-881,Gl-876
5.245159473266757,NN-3877,Gl-588
9.14028331563087,NN-3877,Gl-618B
9.14028331563087,NN-3877,Gl-618A
0.0,NN-3877,NN-3877
2.763131623719724,NN-3877,Gl-570A
2.764018728228881,NN-3877,Gl-570B
5.846626385361048,NN-3877,Gl-555
7.512638706872572,NN-3877,Gl-581
5.179413822045888,Gl-785,Gl-799A
0.0,Gl-785,Gl-785
6.247453924600005,Gl-663B,Gl-674
9.763374198503303,Gl-663B,Gl-754
5.554869251386571,Gl-663B,Gl-682
8.598771957087827,Gl-663B,Gl-588
9.650665248572246,Gl-663B,Gl-618B
9.650665248572246,Gl-663B,Gl-618A
6.611789907430513,Gl-663B,Gl-667C
6.610887506227889,Gl-663B,Gl-667A
0.0,Gl-663B,Gl-663B
0.0005656854249491757,Gl-663B,Gl-663A
0.5386929180897023,Gl-663B,Gl-664
9.184481901011074,Gl-663B,Gl-729
9.988752982229563,Gl-663B,Gl-570A
9.990168395978118,Gl-663B,Gl-570B
9.240288974377371,Gl-663B,GJ-1224
6.156740755464696,Gl-663B,Gl-628
7.334864438420113,Gl-663B,Gl-644C
7.352792630014803,Gl-663B,Gl-644A
6.164981901838805,Gl-663B,Gl-643
9.222160019214588,Gl-663B,Gl-702B
9.222160019214588,Gl-663B,Gl-702A
6.2479422196432,Gl-663A,Gl-674
9.76383840402943,Gl-663A,Gl-754
5.5553772509164485,Gl-663A,Gl-682
8.599064007785966,Gl-663A,Gl-588
9.650882027048098,Gl-663A,Gl-618B
9.650882027048098,Gl-663A,Gl-618A
6.6120498682329965,Gl-663A,Gl-667C
6.611147308901836,Gl-663A,Gl-667A
0.0005656854249491757,Gl-663A,Gl-663B
0.0,Gl-663A,Gl-663A
0.538650368977873,Gl-663A,Gl-664
9.184544240733993,Gl-663A,Gl-729
9.988644611757893,Gl-663A,Gl-570A
9.990059988808875,Gl-663A,Gl-570B
9.240064177807426,Gl-663A,GJ-1224
6.156448262594269,Gl-663A,Gl-628
7.334328027161044,Gl-663A,Gl-644C
7.352255905502745,Gl-663A,Gl-644A
6.164419039130937,Gl-663A,Gl-643
9.22174041165766,Gl-663A,Gl-702B
9.22174041165766,Gl-663A,Gl-702A
6.568773195962849,Gl-664,Gl-674
9.831048321516887,Gl-664,Gl-754
5.841403572772557,Gl-664,Gl-682
8.64822086847925,Gl-664,Gl-588
9.326679976283096,Gl-664,Gl-618B
9.326679976283096,Gl-664,Gl-618A
6.167298526907872,Gl-664,Gl-667C
6.166317229919331,Gl-664,Gl-667A
0.5386929180897023,Gl-664,Gl-663B
0.538650368977873,Gl-664,Gl-663A
0.0,Gl-664,Gl-664
9.658639455430562,Gl-664,Gl-729
8.84340685539233,Gl-664,GJ-1224
6.587892940083345,Gl-664,Gl-628
7.156745375518121,Gl-664,Gl-644C
7.17573124218013,Gl-664,Gl-644A
6.138724164677868,Gl-664,Gl-643
9.395662906894861,Gl-664,Gl-702B
9.395662906894861,Gl-664,Gl-702A
9.562127132599734,Gl-729,Sun
8.117344490657029,Gl-729,Gl-551
7.990131368757338,Gl-729,Gl-559B
7.990131368757338,Gl-729,Gl-559A
8.595754787684442,Gl-729,Gl-845
7.8486605870046375,Gl-729,Gl-674
7.905031199811927,Gl-729,Gl-682
7.211556682852879,Gl-729,Gl-825
9.978235983379028,Gl-729,Gl-887
9.184481901011074,Gl-729,Gl-663B
9.184544240733993,Gl-729,Gl-663A
9.658639455430562,Gl-729,Gl-664
0.0,Gl-729,Gl-729
9.497975854359707,Gl-729,Gl-866AB
7.738614556882904,Gl-729,Gl-628
9.194139831979934,Gl-729,Gl-702B
9.194139831979934,Gl-729,Gl-702A
5.4074326754939825,Gl-729,Gl-699
4.026750973179246,Gl-884,Gl-879
5.07941126509756,Gl-884,Gl-881
0.0,Gl-884,Gl-884
3.8062441671548086,Gl-884,Gl-867B
3.8062441671548086,Gl-884,Gl-867A
4.478063899722736,Gl-884,NN-4274
7.165843449308672,Gl-884,GJ-1276
9.452561334897542,Gl-884,GJ-1286
0.0,Gl-216A,Gl-216A
0.012654643416547167,Gl-216A,Gl-216B
7.822595968730585,Gl-216A,Gl-229
4.488812267181598,Gl-216A,Gl-185A
9.067175699742451,Gl-216A,Gl-223.2
0.012654643416547167,Gl-216B,Gl-216A
0.0,Gl-216B,Gl-216B
7.823244726454618,Gl-216B,Gl-229
4.484533733845695,Gl-216B,Gl-185A
9.058679533464026,Gl-216B,Gl-223.2
9.18184659477602,Gl-229,Gl-191
7.822595968730585,Gl-229,Gl-216A
7.823244726454618,Gl-229,Gl-216B
0.0,Gl-229,Gl-229
9.268778714048578,Gl-229,Gl-300
8.839070845965654,Gl-229,Gl-185A
9.652871676863832,Gl-229,Gl-166C
9.652871676863832,Gl-229,Gl-166B
9.659501888813939,Gl-229,Gl-166A
6.691957260772069,Gl-229,Gl-223.2
6.704842668549353,Gl-229,Gl-205
7.475167285753544,Gl-229,Gl-234A
7.811936923068439,Gl-229,NN-3379
8.375764815824285,Gl-357,Gl-318
0.0,Gl-357,Gl-357
9.98498320529384,Gl-357,Gl-382
9.268778714048578,Gl-300,Gl-229
0.0,Gl-300,Gl-300
8.93669520404495,Gl-300,Gl-285
7.148515421400447,Gl-570A,Gl-588
2.763131623719724,Gl-570A,NN-3877
9.988752982229563,Gl-570A,Gl-663B
9.988644611757893,Gl-570A,Gl-663A
0.0,Gl-570A,Gl-570A
0.0016673332000533628,Gl-570A,Gl-570B
8.465193432521197,Gl-570A,Gl-628
3.9900330324447184,Gl-570A,Gl-555
5.382507416622851,Gl-570A,Gl-581
7.149960035552648,Gl-570B,Gl-588
2.764018728228881,Gl-570B,NN-3877
9.990168395978118,Gl-570B,Gl-663B
9.990059988808875,Gl-570B,Gl-663A
0.0016673332000533628,Gl-570B,Gl-570A
0.0,Gl-570B,Gl-570B
8.465798284273019,Gl-570B,Gl-628
3.9885079591245636,Gl-570B,Gl-555
5.381947836053411,Gl-570B,Gl-581
4.488812267181598,Gl-185A,Gl-216A
4.484533733845695,Gl-185A,Gl-216B
8.839070845965654,Gl-185A,Gl-229
0.0,Gl-185A,Gl-185A
8.517302048184039,Gl-185A,Gl-183
9.468268682288226,Gl-185A,Gl-223.2
9.517017706718844,Gl-185A,Gl-205
6.117491611763763,Gl-867B,Gl-879
8.227788326154242,Gl-867B,Gl-881
3.8062441671548086,Gl-867B,Gl-884
0.0,Gl-867B,Gl-867B
0.0,Gl-867B,Gl-867A
4.505541939656096,Gl-867B,NN-4274
9.469963884302832,Gl-867B,Gl-831A
7.079464023497825,Gl-867B,GJ-1276
8.628492822040242,Gl-867B,Gl-849
6.117491611763763,Gl-867A,Gl-879
8.227788326154242,Gl-867A,Gl-881
3.8062441671548086,Gl-867A,Gl-884
0.0,Gl-867A,Gl-867B
0.0,Gl-867A,Gl-867A
4.505541939656096,Gl-867A,NN-4274
9.469963884302832,Gl-867A,Gl-831A
7.079464023497825,Gl-867A,GJ-1276
8.628492822040242,Gl-867A,Gl-849
0.0,Gl-595,Gl-595
0.0,Gl-506,Gl-506
6.453786610974987,Gl-506,Gl-465
8.44610298421704,Gl-506,NN-3707
6.453786610974987,Gl-465,Gl-506
0.0,Gl-465,Gl-465
2.4014105313336156,Gl-465,NN-3707
9.478520649341858,Gl-465,GJ-1154AB
8.56742886109946,Gl-65A,Sun
9.572364655611485,Gl-65A,Gl-845
9.910259064726814,Gl-65A,Gl-191
8.69346216302803,Gl-65A,GJ-1061
8.226768757537798,Gl-65A,Gl-1
7.118575102504713,Gl-65A,Gl-887
0.0,Gl-65A,Gl-65A
3.8034315887103842,Gl-65A,Gl-54.1
9.688612372780737,Gl-65A,GJ-1005AB
2.86643197547055,Gl-65A,Gl-71
7.600893196197405,Gl-65A,Gl-866AB
5.224006050915332,Gl-65A,Gl-144
8.352268995309,Gl-65A,GJ-1002
7.493309385044768,Gl-65A,Gl-35
8.533717865619884,Gl-65A,Gl-83.1
0.0,Gl-84,Gl-84
6.800388757269691,Gl-84,NN-3192A
5.954884235650598,Gl-84,Gl-117
6.963948504261071,NN-4274,Gl-879
6.478066187528497,NN-4274,Gl-881
4.478063899722736,NN-4274,Gl-884
4.505541939656096,NN-4274,Gl-867B
4.505541939656096,NN-4274,Gl-867A
0.0,NN-4274,NN-4274
9.286192494774163,NN-4274,Gl-876
6.682339677089154,NN-4274,Gl-831A
6.106738182532473,NN-4274,GJ-1276
7.425067716189529,NN-4274,Gl-849
9.704926226406876,NN-4274,GJ-1286
0.0,Gl-283B,Gl-283B
0.0,Gl-283B,Gl-283A
8.737284431103292,Gl-283B,Gl-250B
8.74342713928583,Gl-283B,Gl-250A
8.874390943045046,Gl-283B,GJ-1103A
0.0,Gl-283A,Gl-283B
0.0,Gl-283A,Gl-283A
8.737284431103292,Gl-283A,Gl-250B
8.74342713928583,Gl-283A,Gl-250A
8.874390943045046,Gl-283A,GJ-1103A
9.273946997368487,Gl-54.1,GJ-1061
6.350326582153079,Gl-54.1,Gl-1
6.93016508749972,Gl-54.1,Gl-887
3.8034315887103842,Gl-54.1,Gl-65A
0.0,Gl-54.1,Gl-54.1
6.1525281259007665,Gl-54.1,GJ-1005AB
1.767765171056382,Gl-54.1,Gl-71
7.454884478648882,Gl-54.1,Gl-866AB
8.564635908782114,Gl-54.1,Gl-876
7.023496140100028,Gl-54.1,Gl-144
5.419264719498393,Gl-54.1,GJ-1002
9.540110772417687,Gl-54.1,Gl-908
5.612247682524356,Gl-54.1,Gl-35
7.790696692851031,Gl-54.1,Gl-83.1
8.574223911818493,Gl-244B,Sun
9.325025416051153,Gl-244B,Gl-551
9.511932732100243,Gl-244B,Gl-559B
9.511932732100243,Gl-244B,Gl-559A
7.374447589480855,Gl-244B,Gl-191
0.0,Gl-244B,Gl-244B
0.0,Gl-244B,Gl-244A
7.949392740329289,Gl-244B,Gl-144
5.592795405698299,Gl-244B,Gl-234A
5.235948861476781,Gl-244B,Gl-280A
5.738578287346091,Gl-244B,Gl-273
9.005055305216064,Gl-244B,Gl-406
9.935063897127185,Gl-244B,NN-3522
9.166148849435078,Gl-244B,GJ-1111
8.574223911818493,Gl-244A,Sun
9.325025416051153,Gl-244A,Gl-551
9.511932732100243,Gl-244A,Gl-559B
9.511932732100243,Gl-244A,Gl-559A
7.374447589480855,Gl-244A,Gl-191
0.0,Gl-244A,Gl-244B
0.0,Gl-244A,Gl-244A
7.949392740329289,Gl-244A,Gl-144
5.592795405698299,Gl-244A,Gl-234A
5.235948861476781,Gl-244A,Gl-280A
5.738578287346091,Gl-244A,Gl-273
9.005055305216064,Gl-244A,Gl-406
9.935063897127185,Gl-244A,NN-3522
9.166148849435078,Gl-244A,GJ-1111
6.800388757269691,NN-3192A,Gl-84
0.0,NN-3192A,NN-3192A
2.975018068852691,NN-3192A,Gl-117
6.438195977135209,GJ-1005AB,Gl-1
8.44956945293664,GJ-1005AB,Gl-887
8.4078813960474,GJ-1005AB,Gl-881
9.688612372780737,GJ-1005AB,Gl-65A
6.1525281259007665,GJ-1005AB,Gl-54.1
0.0,GJ-1005AB,GJ-1005AB
7.845019569127919,GJ-1005AB,Gl-71
8.356157900016012,GJ-1005AB,Gl-866AB
5.942766126140252,GJ-1005AB,Gl-876
3.1887882181167186,GJ-1005AB,GJ-1002
8.62444703966579,GJ-1005AB,GJ-1286
6.163691962614614,GJ-1005AB,Gl-908
7.011139388858276,GJ-1005AB,Gl-35
9.194482624378601,GJ-1224,Gl-667C
9.193502694294487,GJ-1224,Gl-667A
9.240288974377371,GJ-1224,Gl-663B
9.240064177807426,GJ-1224,Gl-663A
8.84340685539233,GJ-1224,Gl-664
0.0,GJ-1224,GJ-1224
8.305912645820447,GJ-1224,Gl-644C
8.32430529173456,GJ-1224,Gl-644A
9.125816358003268,GJ-1224,Gl-643
5.842627594670056,GJ-1224,Gl-701
9.044335879433051,GJ-1224,Gl-673
8.432042936916297,Gl-71,GJ-1061
7.5894632036791645,Gl-71,Gl-1
7.915719725963015,Gl-71,Gl-887
2.86643197547055,Gl-71,Gl-65A
1.767765171056382,Gl-71,Gl-54.1
7.845019569127919,Gl-71,GJ-1005AB
0.0,Gl-71,Gl-71
8.54301624076649,Gl-71,Gl-866AB
5.2564327076449855,Gl-71,Gl-144
9.727545598967914,Gl-71,Gl-166C
9.727545598967914,Gl-71,Gl-166B
9.723065484197873,Gl-71,Gl-166A
6.986790732518043,Gl-71,GJ-1002
6.199142967378636,Gl-71,Gl-35
7.249388623877188,Gl-71,Gl-83.1
8.01320107198116,Gl-866AB,Gl-845
9.031180446652586,Gl-866AB,Gl-832
6.206600024167821,Gl-866AB,Gl-825
7.3805569850791075,Gl-866AB,Gl-1
4.206170292558303,Gl-866AB,Gl-887
9.497975854359707,Gl-866AB,Gl-729
7.600893196197405,Gl-866AB,Gl-65A
7.454884478648882,Gl-866AB,Gl-54.1
8.356157900016012,Gl-866AB,GJ-1005AB
8.54301624076649,Gl-866AB,Gl-71
0.0,Gl-866AB,Gl-866AB
4.436159999368822,Gl-866AB,Gl-876
6.709414317956523,Gl-866AB,GJ-1002
9.509298413658076,Gl-866AB,Gl-908
8.78311585145044,Gl-866AB,Gl-35
8.44610298421704,NN-3707,Gl-506
2.4014105313336156,NN-3707,Gl-465
0.0,NN-3707,NN-3707
7.903192602992793,NN-3707,GJ-1154AB
8.281447345724056,Gl-876,Gl-825
7.339525098397035,Gl-876,Gl-1
6.404258093643635,Gl-876,Gl-887
7.548974662826734,Gl-876,Gl-881
9.286192494774163,Gl-876,NN-4274
8.564635908782114,Gl-876,Gl-54.1
5.942766126140252,Gl-876,GJ-1005AB
4.436159999368822,Gl-876,Gl-866AB
0.0,Gl-876,Gl-876
5.1472298812079496,Gl-876,GJ-1002
9.634920795211553,Gl-876,GJ-1286
6.958642133347569,Gl-876,Gl-908
8.934808726548097,Gl-876,Gl-35
5.954884235650598,Gl-117,Gl-84
2.975018068852691,Gl-117,NN-3192A
0.0,Gl-117,Gl-117
8.707529427455299,Gl-117,GJ-1057
9.283572447608734,Gl-117,Gl-105B
9.294957916526572,Gl-117,Gl-105A
8.90939988158574,Gl-628,Gl-674
8.809270592392993,Gl-628,Gl-682
6.156740755464696,Gl-628,Gl-663B
6.156448262594269,Gl-628,Gl-663A
6.587892940083345,Gl-628,Gl-664
7.738614556882904,Gl-628,Gl-729
8.465193432521197,Gl-628,Gl-570A
8.465798284273019,Gl-628,Gl-570B
0.0,Gl-628,Gl-628
8.16915045399459,Gl-628,Gl-644C
8.16988804635657,Gl-628,Gl-644A
6.020998765985589,Gl-628,Gl-643
8.995866648633692,Gl-628,Gl-581
7.794393472875231,Gl-628,Gl-702B
7.794393472875231,Gl-628,Gl-702A
8.502798648680328,Gl-628,Gl-699
5.846626385361048,Gl-555,NN-3877
3.9900330324447184,Gl-555,Gl-570A
3.9885079591245636,Gl-555,Gl-570B
0.0,Gl-555,Gl-555
4.3477211605621635,Gl-555,Gl-581
0.0,NN-3622,NN-3622
5.751631328588438,NN-3622,Gl-447
9.623141705804816,NN-3622,Gl-402
7.767857355152706,NN-3622,Gl-406
8.480155565790053,NN-3622,NN-3522
8.241031157567601,NN-3622,Gl-473A
8.55198550688669,NN-3622,Gl-388
9.469963884302832,Gl-831A,Gl-867B
9.469963884302832,Gl-831A,Gl-867A
6.682339677089154,Gl-831A,NN-4274
0.0,Gl-831A,Gl-831A
9.35575029326884,Gl-831A,GJ-1276
5.7238320826173785,Gl-831A,Gl-849
8.418712419960666,Gl-144,Gl-191
8.078400720439657,Gl-144,GJ-1061
5.224006050915332,Gl-144,Gl-65A
7.023496140100028,Gl-144,Gl-54.1
7.949392740329289,Gl-144,Gl-244B
7.949392740329289,Gl-144,Gl-244A
5.2564327076449855,Gl-144,Gl-71
0.0,Gl-144,Gl-144
5.61977317780709,Gl-144,Gl-166C
5.61977317780709,Gl-144,Gl-166B
5.617471231791045,Gl-144,Gl-166A
9.466628485897184,Gl-144,Gl-234A
9.724501958455251,Gl-144,Gl-35
7.946985030185976,Gl-144,Gl-83.1
7.334864438420113,Gl-644C,Gl-663B
7.334328027161044,Gl-644C,Gl-663A
7.156745375518121,Gl-644C,Gl-664
8.305912645820447,Gl-644C,GJ-1224
8.16915045399459,Gl-644C,Gl-628
0.0,Gl-644C,Gl-644C
0.024092114892637333,Gl-644C,Gl-644A
2.219362602190099,Gl-644C,Gl-643
8.645645783861378,Gl-644C,Gl-581
8.743061821238598,Gl-644C,Gl-701
6.636921028609576,Gl-644C,Gl-673
8.197886096427544,Gl-644C,Gl-702B
8.197886096427544,Gl-644C,Gl-702A
7.352792630014803,Gl-644A,Gl-663B
7.352255905502745,Gl-644A,Gl-663A
7.17573124218013,Gl-644A,Gl-664
8.32430529173456,Gl-644A,GJ-1224
8.16988804635657,Gl-644A,Gl-628
0.024092114892637333,Gl-644A,Gl-644C
0.0,Gl-644A,Gl-644A
2.219165813994078,Gl-644A,Gl-643
8.635241456380937,Gl-644A,Gl-581
8.74717449808794,Gl-644A,Gl-701
6.627553344183658,Gl-644A,Gl-673
8.196567507194704,Gl-644A,Gl-702B
8.196567507194704,Gl-644A,Gl-702A
6.164981901838805,Gl-643,Gl-663B
6.164419039130937,Gl-643,Gl-663A
6.138724164677868,Gl-643,Gl-664
9.125816358003268,Gl-643,GJ-1224
6.020998765985589,Gl-643,Gl-628
2.219362602190099,Gl-643,Gl-644C
2.219165813994078,Gl-643,Gl-644A
0.0,Gl-643,Gl-643
8.322502730549266,Gl-643,Gl-581
9.834379777596551,Gl-643,Gl-701
8.015540589380107,Gl-643,Gl-673
6.795997655237971,Gl-643,Gl-702B
6.795997655237971,Gl-643,Gl-702A
7.512638706872572,Gl-581,NN-3877
5.382507416622851,Gl-581,Gl-570A
5.381947836053411,Gl-581,Gl-570B
8.995866648633692,Gl-581,Gl-628
4.3477211605621635,Gl-581,Gl-555
8.645645783861378,Gl-581,Gl-644C
8.635241456380937,Gl-581,Gl-644A
8.322502730549266,Gl-581,Gl-643
0.0,Gl-581,Gl-581
9.969951011915756,Gl-166C,Gl-191
9.79798403397352,Gl-166C,GJ-1061
9.652871676863832,Gl-166C,Gl-229
9.727545598967914,Gl-166C,Gl-71
5.61977317780709,Gl-166C,Gl-144
0.0,Gl-166C,Gl-166C
0.0,Gl-166C,Gl-166B
0.007003570517957669,Gl-166C,Gl-166A
9.516449752402416,Gl-166C,Gl-223.2
6.603304274376578,Gl-166C,Gl-205
8.73634525760057,Gl-166C,Gl-234A
8.236770127908146,Gl-166C,NN-3379
9.720202117754548,Gl-166C,Gl-213
9.969951011915756,Gl-166B,Gl-191
9.79798403397352,Gl-166B,GJ-1061
9.652871676863832,Gl-166B,Gl-229
9.727545598967914,Gl-166B,Gl-71
5.61977317780709,Gl-166B,Gl-144
0.0,Gl-166B,Gl-166C
0.0,Gl-166B,Gl-166B
0.007003570517957669,Gl-166B,Gl-166A
9.516449752402416,Gl-166B,Gl-223.2
6.603304274376578,Gl-166B,Gl-205
8.73634525760057,Gl-166B,Gl-234A
8.236770127908146,Gl-166B,NN-3379
9.720202117754548,Gl-166B,Gl-213
9.972496771120058,Gl-166A,Gl-191
9.797977103463756,Gl-166A,GJ-1061
9.659501888813939,Gl-166A,Gl-229
9.723065484197873,Gl-166A,Gl-71
5.617471231791045,Gl-166A,Gl-144
0.007003570517957669,Gl-166A,Gl-166C
0.007003570517957669,Gl-166A,Gl-166B
0.0,Gl-166A,Gl-166A
9.52269265701671,Gl-166A,Gl-223.2
6.609449770593615,Gl-166A,Gl-205
8.742025852741458,Gl-166A,Gl-234A
8.242694841494497,Gl-166A,NN-3379
9.72423958569512,Gl-166A,Gl-213
7.749336860661046,GJ-1002,Gl-1
8.193363826902843,GJ-1002,Gl-887
8.352268995309,GJ-1002,Gl-65A
5.419264719498393,GJ-1002,Gl-54.1
3.1887882181167186,GJ-1002,GJ-1005AB
6.986790732518043,GJ-1002,Gl-71
6.709414317956523,GJ-1002,Gl-866AB
5.1472298812079496,GJ-1002,Gl-876
0.0,GJ-1002,GJ-1002
8.77630000170915,GJ-1002,GJ-1286
4.370399662502274,GJ-1002,Gl-908
4.439115032300921,GJ-1002,Gl-35
8.990688419692898,GJ-1002,Gl-83.1
7.165843449308672,GJ-1276,Gl-884
7.079464023497825,GJ-1276,Gl-867B
7.079464023497825,GJ-1276,Gl-867A
6.106738182532473,GJ-1276,NN-4274
9.35575029326884,GJ-1276,Gl-831A
0.0,GJ-1276,GJ-1276
5.7885368686741545,GJ-1276,Gl-849
5.569022615324883,GJ-1276,GJ-1286
8.517302048184039,Gl-183,Gl-185A
0.0,Gl-183,Gl-183
9.218635151149003,Gl-183,GJ-1087
7.844745016888694,Gl-183,Gl-178
9.63512717144927,Gl-183,NN-3322
8.737284431103292,Gl-250B,Gl-283B
8.737284431103292,Gl-250B,Gl-283A
0.0,Gl-250B,Gl-250B
0.008616843969806913,Gl-250B,Gl-250A
8.132730182417218,Gl-250B,GJ-1103A
9.34475416905121,Gl-250B,GJ-1087
8.74342713928583,Gl-250A,Gl-283B
8.74342713928583,Gl-250A,Gl-283A
0.008616843969806913,Gl-250A,Gl-250B
0.0,Gl-250A,Gl-250A
8.130089446617424,Gl-250A,GJ-1103A
9.34039376097175,Gl-250A,GJ-1087
8.628492822040242,Gl-849,Gl-867B
8.628492822040242,Gl-849,Gl-867A
7.425067716189529,Gl-849,NN-4274
5.7238320826173785,Gl-849,Gl-831A
5.7885368686741545,Gl-849,GJ-1276
0.0,Gl-849,Gl-849
9.067175699742451,Gl-223.2,Gl-216A
9.058679533464026,Gl-223.2,Gl-216B
6.691957260772069,Gl-223.2,Gl-229
9.468268682288226,Gl-223.2,Gl-185A
9.516449752402416,Gl-223.2,Gl-166C
9.516449752402416,Gl-223.2,Gl-166B
9.52269265701671,Gl-223.2,Gl-166A
0.0,Gl-223.2,Gl-223.2
2.9764411551381302,Gl-223.2,Gl-205
8.01088001969821,Gl-223.2,Gl-234A
4.25682683815069,Gl-223.2,NN-3379
6.3369312912481535,Gl-223.2,GJ-1087
8.506860639507384,Gl-223.2,Gl-178
7.636675198671211,Gl-223.2,NN-3322
6.173998723679816,Gl-223.2,Gl-213
9.98498320529384,Gl-382,Gl-357
0.0,Gl-382,Gl-382
0.538407401509303,Gl-382,Gl-381
4.8822980265444675,Gl-382,Gl-393
8.297716876948742,Gl-382,Gl-402
6.704842668549353,Gl-205,Gl-229
9.517017706718844,Gl-205,Gl-185A
6.603304274376578,Gl-205,Gl-166C
6.603304274376578,Gl-205,Gl-166B
6.609449770593615,Gl-205,Gl-166A
2.9764411551381302,Gl-205,Gl-223.2
0.0,Gl-205,Gl-205
6.7829678799180515,Gl-205,Gl-234A
3.3540552559550947,Gl-205,NN-3379
8.311478939394602,Gl-205,GJ-1087
7.876586162164417,Gl-205,Gl-178
6.9175657033381315,Gl-205,NN-3322
5.524392038043643,Gl-205,Gl-213
5.842627594670056,Gl-701,GJ-1224
8.743061821238598,Gl-701,Gl-644C
8.74717449808794,Gl-701,Gl-644A
9.834379777596551,Gl-701,Gl-643
0.0,Gl-701,Gl-701
4.985320066956585,Gl-701,Gl-673
9.722785499022388,Gl-701,Gl-702B
9.722785499022388,Gl-701,Gl-702A
7.475167285753544,Gl-234A,Gl-229
5.592795405698299,Gl-234A,Gl-244B
5.592795405698299,Gl-234A,Gl-244A
9.466628485897184,Gl-234A,Gl-144
8.73634525760057,Gl-234A,Gl-166C
8.73634525760057,Gl-234A,Gl-166B
8.742025852741458,Gl-234A,Gl-166A
8.01088001969821,Gl-234A,Gl-223.2
6.7829678799180515,Gl-234A,Gl-205
0.0,Gl-234A,Gl-234A
4.7229577957038735,Gl-234A,NN-3379
8.852134355622942,Gl-234A,Gl-285
4.627867350086863,Gl-234A,Gl-280A
3.8893345819047243,Gl-234A,Gl-273
9.402398209499532,Gl-234A,NN-3522
8.191168078485509,Gl-234A,Gl-213
9.091917857086038,Gl-234A,GJ-1111
0.538407401509303,Gl-381,Gl-382
0.0,Gl-381,Gl-381
4.585347037030022,Gl-381,Gl-393
7.956042009693011,Gl-381,Gl-402
9.452561334897542,GJ-1286,Gl-884
9.704926226406876,GJ-1286,NN-4274
8.62444703966579,GJ-1286,GJ-1005AB
9.634920795211553,GJ-1286,Gl-876
8.77630000170915,GJ-1286,GJ-1002
5.569022615324883,GJ-1286,GJ-1276
0.0,GJ-1286,GJ-1286
5.626361837813137,GJ-1286,Gl-908
8.195656177512573,GJ-1286,Gl-33
8.505485334770734,GJ-1286,Gl-880
8.94624964887522,GJ-1286,Gl-896B
8.94624964887522,GJ-1286,Gl-896A
8.874390943045046,GJ-1103A,Gl-283B
8.874390943045046,GJ-1103A,Gl-283A
8.132730182417218,GJ-1103A,Gl-250B
8.130089446617424,GJ-1103A,Gl-250A
0.0,GJ-1103A,GJ-1103A
3.097707376431802,GJ-1103A,GJ-2066
8.579998939976624,GJ-1103A,Gl-285
7.975950472514232,GJ-1103A,Gl-299
9.478520649341858,GJ-1154AB,Gl-465
7.903192602992793,GJ-1154AB,NN-3707
0.0,GJ-1154AB,GJ-1154AB
9.847008649331023,GJ-1154AB,Gl-518
6.035165537911947,GJ-1154AB,Gl-493.1
6.055363991536759,GJ-1154AB,Gl-486
6.875715052996306,GJ-1154AB,NN-3716
7.692104267364034,GJ-1154AB,GJ-1156
5.751631328588438,Gl-447,NN-3622
0.0,Gl-447,Gl-447
3.78742290350576,Gl-447,Gl-406
9.878005300666729,Gl-447,NN-3522
4.403163812532985,Gl-447,Gl-473A
8.331414581570167,Gl-447,Gl-388
6.488995315147022,Gl-447,Gl-411
4.8822980265444675,Gl-393,Gl-382
4.585347037030022,Gl-393,Gl-381
0.0,Gl-393,Gl-393
3.591802760453308,Gl-393,Gl-402
9.470098706982942,Gl-393,Gl-408
3.097707376431802,GJ-2066,GJ-1103A
0.0,GJ-2066,GJ-2066
9.041069670122004,GJ-2066,Gl-285
7.3706778962318,GJ-2066,Gl-299
9.044335879433051,Gl-673,GJ-1224
6.636921028609576,Gl-673,Gl-644C
6.627553344183658,Gl-673,Gl-644A
8.015540589380107,Gl-673,Gl-643
4.985320066956585,Gl-673,Gl-701
0.0,Gl-673,Gl-673
9.583055757429358,Gl-673,Gl-702B
9.583055757429358,Gl-673,Gl-702A
7.355392629221093,Gl-673,Gl-686
9.540110772417687,Gl-908,Gl-54.1
6.163691962614614,Gl-908,GJ-1005AB
9.509298413658076,Gl-908,Gl-866AB
6.958642133347569,Gl-908,Gl-876
4.370399662502274,Gl-908,GJ-1002
5.626361837813137,Gl-908,GJ-1286
0.0,Gl-908,Gl-908
7.889062360635767,Gl-908,Gl-33
5.995431092090043,Gl-908,Gl-35
7.626761579464773,Gl-908,Gl-880
6.96379670079476,Gl-908,Gl-896B
6.96379670079476,Gl-908,Gl-896A
9.222160019214588,Gl-702B,Gl-663B
9.22174041165766,Gl-702B,Gl-663A
9.395662906894861,Gl-702B,Gl-664
9.194139831979934,Gl-702B,Gl-729
7.794393472875231,Gl-702B,Gl-628
8.197886096427544,Gl-702B,Gl-644C
8.196567507194704,Gl-702B,Gl-644A
6.795997655237971,Gl-702B,Gl-643
9.722785499022388,Gl-702B,Gl-701
9.583055757429358,Gl-702B,Gl-673
0.0,Gl-702B,Gl-702B
0.0,Gl-702B,Gl-702A
5.833751741375356,Gl-702B,Gl-752B
5.8309799999657015,Gl-702B,Gl-752A
7.599680326171621,Gl-702B,Gl-768
9.222160019214588,Gl-702A,Gl-663B
9.22174041165766,Gl-702A,Gl-663A
9.395662906894861,Gl-702A,Gl-664
9.194139831979934,Gl-702A,Gl-729
7.794393472875231,Gl-702A,Gl-628
8.197886096427544,Gl-702A,Gl-644C
8.196567507194704,Gl-702A,Gl-644A
6.795997655237971,Gl-702A,Gl-643
9.722785499022388,Gl-702A,Gl-701
9.583055757429358,Gl-702A,Gl-673
0.0,Gl-702A,Gl-702B
0.0,Gl-702A,Gl-702A
5.833751741375356,Gl-702A,Gl-752B
5.8309799999657015,Gl-702A,Gl-752A
7.599680326171621,Gl-702A,Gl-768
7.811936923068439,NN-3379,Gl-229
8.236770127908146,NN-3379,Gl-166C
8.236770127908146,NN-3379,Gl-166B
8.242694841494497,NN-3379,Gl-166A
4.25682683815069,NN-3379,Gl-223.2
3.3540552559550947,NN-3379,Gl-205
4.7229577957038735,NN-3379,Gl-234A
0.0,NN-3379,NN-3379
8.943159050917075,NN-3379,Gl-285
8.617772049085541,NN-3379,Gl-280A
7.615225210720954,NN-3379,Gl-273
8.628890842976285,NN-3379,GJ-1087
9.538152669673515,NN-3379,Gl-178
7.846515640715947,NN-3379,NN-3322
4.0518767515806795,NN-3379,Gl-213
8.93669520404495,Gl-285,Gl-300
8.852134355622942,Gl-285,Gl-234A
8.579998939976624,Gl-285,GJ-1103A
9.041069670122004,Gl-285,GJ-2066
8.943159050917075,Gl-285,NN-3379
0.0,Gl-285,Gl-285
8.852092845197681,Gl-285,Gl-280A
8.013105281974024,Gl-285,Gl-273
8.046835940914912,Gl-285,NN-3522
3.6329040023099965,Gl-285,Gl-299
9.113540157918873,Gl-285,GJ-1093
8.414363140487815,Gl-285,GJ-1116A
8.414629083922831,Gl-285,GJ-1116B
9.847008649331023,Gl-518,GJ-1154AB
0.0,Gl-518,Gl-518
4.281509207043703,Gl-518,Gl-493.1
6.642566179572469,Gl-518,Gl-486
4.380806797839867,Gl-518,Gl-514
5.562904034764576,Gl-518,Gl-512.1
9.956186572177119,Gl-518,Gl-526
9.572759539443158,Gl-518,GJ-2097
0.0,Gl-70,Gl-70
7.817159916491411,Gl-70,Gl-33
7.150096428021092,Gl-70,Gl-105B
7.133043516620376,Gl-70,Gl-105A
3.8670828449879364,Gl-70,NN-3128
6.145802894659083,Gl-70,NN-3146
8.071903310248455,Gl-70,Gl-68
5.9813910037716145,Gl-699,Sun
6.5529485912831635,Gl-699,Gl-551
6.4735803455275045,Gl-699,Gl-559B
6.4735803455275045,Gl-699,Gl-559A
5.4074326754939825,Gl-699,Gl-729
8.502798648680328,Gl-699,Gl-628
0.0,Gl-699,Gl-699
9.233464407794076,Gl-699,Gl-820B
9.233464407794076,Gl-699,Gl-820A
9.43100898419676,Gl-699,Gl-725B
9.431519708403307,Gl-699,Gl-725A
8.707529427455299,GJ-1057,Gl-117
0.0,GJ-1057,GJ-1057
4.97580113549567,GJ-1057,Gl-105B
4.995082888201157,GJ-1057,Gl-105A
9.215127593256645,GJ-1057,NN-3128
7.9458782201843485,GJ-1057,NN-3146
5.833751741375356,Gl-752B,Gl-702B
5.833751741375356,Gl-752B,Gl-702A
0.0,Gl-752B,Gl-752B
0.007151223671512891,Gl-752B,Gl-752A
3.5508610082626437,Gl-752B,Gl-768
9.575447616691347,Gl-752B,GJ-1230A
5.8309799999657015,Gl-752A,Gl-702B
5.8309799999657015,Gl-752A,Gl-702A
0.007151223671512891,Gl-752A,Gl-752B
0.0,Gl-752A,Gl-752A
3.55177946105892,Gl-752A,Gl-768
9.56903443091308,Gl-752A,GJ-1230A
5.235948861476781,Gl-280A,Gl-244B
5.235948861476781,Gl-280A,Gl-244A
4.627867350086863,Gl-280A,Gl-234A
8.617772049085541,Gl-280A,NN-3379
8.852092845197681,Gl-280A,Gl-285
0.0,Gl-280A,Gl-280A
1.1107402036479999,Gl-280A,Gl-273
8.627962184084954,Gl-280A,Gl-406
5.475251278251985,Gl-280A,NN-3522
8.102374761759666,Gl-280A,GJ-1116A
8.10249532428128,Gl-280A,GJ-1116B
4.984600157485051,Gl-280A,GJ-1111
9.624564166755812,Gl-280A,Gl-411
5.738578287346091,Gl-273,Gl-244B
5.738578287346091,Gl-273,Gl-244A
3.8893345819047243,Gl-273,Gl-234A
7.615225210720954,Gl-273,NN-3379
8.013105281974024,Gl-273,Gl-285
1.1107402036479999,Gl-273,Gl-280A
0.0,Gl-273,Gl-273
9.727694617431204,Gl-273,Gl-406
5.775897232465272,Gl-273,NN-3522
8.137125395371513,Gl-273,GJ-1116A
8.137252855847606,Gl-273,GJ-1116B
5.4926898119227525,Gl-273,GJ-1111
9.98796769167782,Gl-273,Gl-251
8.195656177512573,Gl-33,GJ-1286
7.889062360635767,Gl-33,Gl-908
7.817159916491411,Gl-33,Gl-70
0.0,Gl-33,Gl-33
9.874783469524786,Gl-33,Gl-35
9.648632082321306,Gl-33,Gl-896B
9.648632082321306,Gl-33,Gl-896A
8.798547464780762,Gl-33,Gl-68
9.218635151149003,GJ-1087,Gl-183
9.34475416905121,GJ-1087,Gl-250B
9.34039376097175,GJ-1087,Gl-250A
6.3369312912481535,GJ-1087,Gl-223.2
8.311478939394602,GJ-1087,Gl-205
8.628890842976285,GJ-1087,NN-3379
0.0,GJ-1087,GJ-1087
7.4805532582824386,GJ-1087,Gl-178
6.819854700798252,GJ-1087,NN-3322
7.204212347647728,GJ-1087,Gl-213
9.283941521789114,GJ-1087,GJ-1093
8.993441593183336,GJ-1087,Gl-232
7.493309385044768,Gl-35,Gl-65A
5.612247682524356,Gl-35,Gl-54.1
7.011139388858276,Gl-35,GJ-1005AB
6.199142967378636,Gl-35,Gl-71
8.78311585145044,Gl-35,Gl-866AB
8.934808726548097,Gl-35,Gl-876
9.724501958455251,Gl-35,Gl-144
4.439115032300921,Gl-35,GJ-1002
5.995431092090043,Gl-35,Gl-908
9.874783469524786,Gl-35,Gl-33
0.0,Gl-35,Gl-35
4.7855737430322804,Gl-35,Gl-83.1
8.930912343652242,Gl-35,Gl-15B
8.930912343652242,Gl-35,Gl-15A
9.359510438585984,Gl-35,Gl-905
6.035165537911947,Gl-493.1,GJ-1154AB
4.281509207043703,Gl-493.1,Gl-518
0.0,Gl-493.1,Gl-493.1
2.958578401868032,Gl-493.1,Gl-486
6.915223590022234,Gl-493.1,NN-3716
4.845493379419685,Gl-493.1,Gl-514
7.11094311114918,Gl-493.1,GJ-1156
5.74576876753668,Gl-493.1,Gl-512.1
8.418840944571883,Gl-493.1,GJ-2097
9.623141705804816,Gl-402,NN-3622
8.297716876948742,Gl-402,Gl-382
7.956042009693011,Gl-402,Gl-381
3.591802760453308,Gl-402,Gl-393
0.0,Gl-402,Gl-402
8.012682440980672,Gl-402,NN-3716
8.502668152409571,Gl-402,GJ-1156
8.17566545915377,Gl-402,Gl-388
6.33370660750875,Gl-402,Gl-408
9.283572447608734,Gl-105B,Gl-117
7.150096428021092,Gl-105B,Gl-70
4.97580113549567,Gl-105B,GJ-1057
0.0,Gl-105B,Gl-105B
0.021364456463950417,Gl-105B,Gl-105A
5.80503179836252,Gl-105B,NN-3128
4.503826811723558,Gl-105B,NN-3146
8.298883341751466,Gl-105B,Gl-68
8.381223453649234,Gl-105B,Gl-109
9.294957916526572,Gl-105A,Gl-117
7.133043516620376,Gl-105A,Gl-70
4.995082888201157,Gl-105A,GJ-1057
0.021364456463950417,Gl-105A,Gl-105B
0.0,Gl-105A,Gl-105A
5.788140418130853,Gl-105A,NN-3128
4.488216557832296,Gl-105A,NN-3146
8.279905518784618,Gl-105A,Gl-68
8.37580527352445,Gl-105A,Gl-109
7.844745016888694,Gl-178,Gl-183
8.506860639507384,Gl-178,Gl-223.2
7.876586162164417,Gl-178,Gl-205
9.538152669673515,Gl-178,NN-3379
7.4805532582824386,Gl-178,GJ-1087
0.0,Gl-178,Gl-178
2.3409225467750963,Gl-178,NN-3322
7.261344697781534,Gl-178,Gl-213
7.79733776618661,Gl-406,Sun
8.242746164962258,Gl-406,Gl-551
8.282552077107633,Gl-406,Gl-559B
8.282552077107633,Gl-406,Gl-559A
9.005055305216064,Gl-406,Gl-244B
9.005055305216064,Gl-406,Gl-244A
7.767857355152706,Gl-406,NN-3622
3.78742290350576,Gl-406,Gl-447
8.627962184084954,Gl-406,Gl-280A
9.727694617431204,Gl-406,Gl-273
0.0,Gl-406,Gl-406
8.637654770248693,Gl-406,NN-3522
7.616294243922041,Gl-406,Gl-473A
8.745052961532021,Gl-406,Gl-388
7.71044338673205,Gl-406,GJ-1111
4.030684583293514,Gl-406,Gl-411
9.935063897127185,NN-3522,Gl-244B
9.935063897127185,NN-3522,Gl-244A
8.480155565790053,NN-3522,NN-3622
9.402398209499532,NN-3522,Gl-234A
9.878005300666729,NN-3522,Gl-447
8.046835940914912,NN-3522,Gl-285
5.475251278251985,NN-3522,Gl-280A
5.775897232465272,NN-3522,Gl-273
8.637654770248693,NN-3522,Gl-406
0.0,NN-3522,NN-3522
8.311350322901808,NN-3522,Gl-299
3.9742856490192042,NN-3522,GJ-1116A
3.9745769787488086,NN-3522,GJ-1116B
6.151244369231318,NN-3522,Gl-388
5.2291262797909175,NN-3522,GJ-1111
9.745474291177416,NN-3522,Gl-411
7.975950472514232,Gl-299,GJ-1103A
7.3706778962318,Gl-299,GJ-2066
3.6329040023099965,Gl-299,Gl-285
8.311350322901808,Gl-299,NN-3522
0.0,Gl-299,Gl-299
8.996599305293083,Gl-299,GJ-1093
7.263796743439342,Gl-299,GJ-1116A
7.264038636323461,Gl-299,GJ-1116B
7.599680326171621,Gl-768,Gl-702B
7.599680326171621,Gl-768,Gl-702A
3.5508610082626437,Gl-768,Gl-752B
3.55177946105892,Gl-768,Gl-752A
0.0,Gl-768,Gl-768
9.39417317596392,Gl-768,Gl-820B
9.39417317596392,Gl-768,Gl-820A
9.688191832328673,Gl-768,GJ-1245A
9.688151769042433,Gl-768,GJ-1245B
8.241031157567601,Gl-473A,NN-3622
4.403163812532985,Gl-473A,Gl-447
7.616294243922041,Gl-473A,Gl-406
0.0,Gl-473A,Gl-473A
8.215575693157481,Gl-473A,NN-3716
7.389803975749291,Gl-473A,GJ-1156
6.292037178847563,Gl-473A,Gl-526
8.995864694958456,Gl-473A,Gl-388
8.082282916354758,Gl-473A,GJ-2097
8.559519009850963,Gl-473A,Gl-411
0.0,Gl-791.2,Gl-791.2
9.71246521229291,Gl-791.2,Gl-829
6.055363991536759,Gl-486,GJ-1154AB
6.642566179572469,Gl-486,Gl-518
2.958578401868032,Gl-486,Gl-493.1
0.0,Gl-486,Gl-486
7.143181256275105,Gl-486,NN-3716
6.605219037246228,Gl-486,Gl-514
7.548324479644472,Gl-486,GJ-1156
5.412863852897096,Gl-486,Gl-512.1
8.890474260128084,Gl-486,GJ-2097
9.183806063392236,Gl-486,Gl-502
9.63512717144927,NN-3322,Gl-183
7.636675198671211,NN-3322,Gl-223.2
6.9175657033381315,NN-3322,Gl-205
7.846515640715947,NN-3322,NN-3379
6.819854700798252,NN-3322,GJ-1087
2.3409225467750963,NN-3322,Gl-178
0.0,NN-3322,NN-3322
5.047845517644136,NN-3322,Gl-213
6.875715052996306,NN-3716,GJ-1154AB
6.915223590022234,NN-3716,Gl-493.1
8.012682440980672,NN-3716,Gl-402
8.215575693157481,NN-3716,Gl-473A
7.143181256275105,NN-3716,Gl-486
0.0,NN-3716,NN-3716
7.584743309433748,NN-3716,Gl-514
0.9962763923731203,NN-3716,GJ-1156
9.01836141047807,NN-3716,Gl-526
6.344765782123088,NN-3716,GJ-2097
8.36894423747703,NN-3716,Gl-408
3.8670828449879364,NN-3128,Gl-70
9.215127593256645,NN-3128,GJ-1057
5.80503179836252,NN-3128,Gl-105B
5.788140418130853,NN-3128,Gl-105A
0.0,NN-3128,NN-3128
2.8085069788056423,NN-3128,NN-3146
6.230792140651141,NN-3128,Gl-68
9.22890693636034,NN-3128,Gl-109
4.380806797839867,Gl-514,Gl-518
4.845493379419685,Gl-514,Gl-493.1
6.605219037246228,Gl-514,Gl-486
7.584743309433748,Gl-514,NN-3716
0.0,Gl-514,Gl-514
7.124576289155728,Gl-514,GJ-1156
5.818690899162798,Gl-514,Gl-512.1
6.161845790021039,Gl-514,Gl-526
8.620163479308268,Gl-514,Gl-566B
8.620163479308268,Gl-514,Gl-566A
5.247589423725908,Gl-514,GJ-2097
8.734589850702779,Gl-514,Gl-502
8.436956378339287,Gl-514,NN-3789
7.692104267364034,GJ-1156,GJ-1154AB
7.11094311114918,GJ-1156,Gl-493.1
8.502668152409571,GJ-1156,Gl-402
7.389803975749291,GJ-1156,Gl-473A
7.548324479644472,GJ-1156,Gl-486
0.9962763923731203,GJ-1156,NN-3716
7.124576289155728,GJ-1156,Gl-514
0.0,GJ-1156,GJ-1156
8.073683116149654,GJ-1156,Gl-526
5.546817168430919,GJ-1156,GJ-2097
8.526456684930732,GJ-1156,Gl-408
9.720202117754548,Gl-213,Gl-166C
9.720202117754548,Gl-213,Gl-166B
9.72423958569512,Gl-213,Gl-166A
6.173998723679816,Gl-213,Gl-223.2
5.524392038043643,Gl-213,Gl-205
8.191168078485509,Gl-213,Gl-234A
4.0518767515806795,Gl-213,NN-3379
7.204212347647728,Gl-213,GJ-1087
7.261344697781534,Gl-213,Gl-178
5.047845517644136,Gl-213,NN-3322
0.0,Gl-213,Gl-213
9.554213406136583,Gl-213,GJ-1093
9.663235339160481,Gl-213,Gl-232
8.860883087480616,Gl-213,Gl-251
8.533717865619884,Gl-83.1,Gl-65A
7.790696692851031,Gl-83.1,Gl-54.1
7.249388623877188,Gl-83.1,Gl-71
7.946985030185976,Gl-83.1,Gl-144
8.990688419692898,Gl-83.1,GJ-1002
4.7855737430322804,Gl-83.1,Gl-35
0.0,Gl-83.1,Gl-83.1
8.948564100457682,Gl-83.1,Gl-15B
8.948564100457682,Gl-83.1,Gl-15A
9.922214985576558,Gl-83.1,Gl-905
6.145802894659083,NN-3146,Gl-70
7.9458782201843485,NN-3146,GJ-1057
4.503826811723558,NN-3146,Gl-105B
4.488216557832296,NN-3146,Gl-105A
2.8085069788056423,NN-3146,NN-3128
0.0,NN-3146,NN-3146
5.211642891641752,NN-3146,Gl-68
6.539570631929899,NN-3146,Gl-109
5.562904034764576,Gl-512.1,Gl-518
5.74576876753668,Gl-512.1,Gl-493.1
5.412863852897096,Gl-512.1,Gl-486
5.818690899162798,Gl-512.1,Gl-514
0.0,Gl-512.1,Gl-512.1
9.02423214572852,Gl-512.1,GJ-2097
7.400831653267084,Gl-512.1,Gl-502
8.08512340103724,Gl-512.1,NN-3789
9.956186572177119,Gl-526,Gl-518
6.292037178847563,Gl-526,Gl-473A
9.01836141047807,Gl-526,NN-3716
6.161845790021039,Gl-526,Gl-514
8.073683116149654,Gl-526,GJ-1156
0.0,Gl-526,Gl-526
6.945084420653213,Gl-526,Gl-566B
6.945084420653213,Gl-526,Gl-566A
4.850178473004885,Gl-526,GJ-2097
9.83273874513098,Gl-526,NN-3789
8.505485334770734,Gl-880,GJ-1286
7.626761579464773,Gl-880,Gl-908
0.0,Gl-880,Gl-880
7.967074621214489,Gl-880,Gl-829
3.4584584224766965,Gl-880,Gl-896B
3.4584584224766965,Gl-880,Gl-896A
9.71246521229291,Gl-829,Gl-791.2
7.967074621214489,Gl-829,Gl-880
0.0,Gl-829,Gl-829
9.068604524953109,Gl-829,NN-4247
7.355392629221093,Gl-686,Gl-673
0.0,Gl-686,Gl-686
6.958864063911581,Gl-686,GJ-1230A
5.319409603518046,Gl-686,Gl-695B
5.321195944522248,Gl-686,Gl-695A
8.620163479308268,Gl-566B,Gl-514
6.945084420653213,Gl-566B,Gl-526
0.0,Gl-566B,Gl-566B
0.0,Gl-566B,Gl-566A
9.145742205529302,Gl-566B,GJ-2097
9.467314207313496,Gl-566B,NN-3789
8.620163479308268,Gl-566A,Gl-514
6.945084420653213,Gl-566A,Gl-526
0.0,Gl-566A,Gl-566B
0.0,Gl-566A,Gl-566A
9.145742205529302,Gl-566A,GJ-2097
9.467314207313496,Gl-566A,NN-3789
9.113540157918873,GJ-1093,Gl-285
9.283941521789114,GJ-1093,GJ-1087
8.996599305293083,GJ-1093,Gl-299
9.554213406136583,GJ-1093,Gl-213
0.0,GJ-1093,GJ-1093
4.547535140051147,GJ-1093,Gl-232
3.924560380475755,GJ-1093,Gl-268.3
8.396267227762586,GJ-1093,Gl-251
9.305711993179242,GJ-1093,Gl-268
8.414363140487815,GJ-1116A,Gl-285
8.102374761759666,GJ-1116A,Gl-280A
8.137125395371513,GJ-1116A,Gl-273
3.9742856490192042,GJ-1116A,NN-3522
7.263796743439342,GJ-1116A,Gl-299
0.0,GJ-1116A,GJ-1116A
0.0004242640687121958,GJ-1116A,GJ-1116B
5.5853597798172325,GJ-1116A,Gl-388
5.736863047868582,GJ-1116A,GJ-1111
9.598149639904557,GJ-1116A,Gl-251
9.903001462687968,GJ-1116A,Gl-268
9.366133856079573,GJ-1116A,Gl-380
8.414629083922831,GJ-1116B,Gl-285
8.10249532428128,GJ-1116B,Gl-280A
8.137252855847606,GJ-1116B,Gl-273
3.9745769787488086,GJ-1116B,NN-3522
7.264038636323461,GJ-1116B,Gl-299
0.0004242640687121958,GJ-1116B,GJ-1116A
0.0,GJ-1116B,GJ-1116B
5.585332263169309,GJ-1116B,Gl-388
5.736736024081988,GJ-1116B,GJ-1111
9.597916407741838,GJ-1116B,Gl-251
9.902700232259887,GJ-1116B,Gl-268
9.365776811882718,GJ-1116B,Gl-380
8.55198550688669,Gl-388,NN-3622
8.331414581570167,Gl-388,Gl-447
8.17566545915377,Gl-388,Gl-402
8.745052961532021,Gl-388,Gl-406
6.151244369231318,Gl-388,NN-3522
8.995864694958456,Gl-388,Gl-473A
5.5853597798172325,Gl-388,GJ-1116A
5.585332263169309,Gl-388,GJ-1116B
0.0,Gl-388,Gl-388
7.329731881180921,Gl-388,Gl-408
7.47443711325475,Gl-388,GJ-1111
8.639683186899852,Gl-388,Gl-411
7.459666916826783,Gl-388,Gl-412B
7.4602216166813715,Gl-388,Gl-412A
8.031980783094541,Gl-388,Gl-380
8.94624964887522,Gl-896B,GJ-1286
6.96379670079476,Gl-896B,Gl-908
9.648632082321306,Gl-896B,Gl-33
3.4584584224766965,Gl-896B,Gl-880
0.0,Gl-896B,Gl-896B
0.0,Gl-896B,Gl-896A
8.599398863292715,Gl-896B,GJ-1289
9.841402772471005,Gl-896B,Gl-873
8.94624964887522,Gl-896A,GJ-1286
6.96379670079476,Gl-896A,Gl-908
9.648632082321306,Gl-896A,Gl-33
3.4584584224766965,Gl-896A,Gl-880
0.0,Gl-896A,Gl-896B
0.0,Gl-896A,Gl-896A
8.599398863292715,Gl-896A,GJ-1289
9.841402772471005,Gl-896A,Gl-873
8.071903310248455,Gl-68,Gl-70
8.798547464780762,Gl-68,Gl-33
8.298883341751466,Gl-68,Gl-105B
8.279905518784618,Gl-68,Gl-105A
6.230792140651141,Gl-68,NN-3128
5.211642891641752,Gl-68,NN-3146
0.0,Gl-68,Gl-68
6.8162751925080025,Gl-68,Gl-109
9.572759539443158,GJ-2097,Gl-518
8.418840944571883,GJ-2097,Gl-493.1
8.082282916354758,GJ-2097,Gl-473A
8.890474260128084,GJ-2097,Gl-486
6.344765782123088,GJ-2097,NN-3716
5.247589423725908,GJ-2097,Gl-514
5.546817168430919,GJ-2097,GJ-1156
9.02423214572852,GJ-2097,Gl-512.1
4.850178473004885,GJ-2097,Gl-526
9.145742205529302,GJ-2097,Gl-566B
9.145742205529302,GJ-2097,Gl-566A
0.0,GJ-2097,GJ-2097
6.980925770984818,GJ-2097,Gl-502
6.457415105907315,GJ-2097,NN-3789
0.0,Gl-745B,Gl-745B
0.015021983890285395,Gl-745B,Gl-745A
6.065220992676193,Gl-745B,GJ-1230A
9.802101273706572,Gl-745B,Gl-695B
9.799031744514352,Gl-745B,Gl-695A
6.159624320524751,Gl-745B,Gl-747A
9.765334466878233,Gl-745B,Gl-721
0.015021983890285395,Gl-745A,Gl-745B
0.0,Gl-745A,Gl-745A
6.05790301919732,Gl-745A,GJ-1230A
9.787515970868197,Gl-745A,Gl-695B
9.784446453939026,Gl-745A,Gl-695A
6.154565314463727,Gl-745A,Gl-747A
9.75694922145237,Gl-745A,Gl-721
9.470098706982942,Gl-408,Gl-393
6.33370660750875,Gl-408,Gl-402
8.36894423747703,Gl-408,NN-3716
8.526456684930732,Gl-408,GJ-1156
7.329731881180921,Gl-408,Gl-388
0.0,Gl-408,Gl-408
8.438399607153006,Gl-408,Gl-434
8.058035389597144,Gl-408,Gl-450
9.907402843328821,Gl-408,Gl-451A
8.844412967517968,Gl-408,Gl-412B
8.845733863281215,Gl-408,Gl-412A
8.993441593183336,Gl-232,GJ-1087
9.663235339160481,Gl-232,Gl-213
4.547535140051147,Gl-232,GJ-1093
0.0,Gl-232,Gl-232
5.804955838763979,Gl-232,Gl-268.3
9.603401018909917,Gl-232,Gl-251
9.575447616691347,GJ-1230A,Gl-752B
9.56903443091308,GJ-1230A,Gl-752A
6.958864063911581,GJ-1230A,Gl-686
6.065220992676193,GJ-1230A,Gl-745B
6.05790301919732,GJ-1230A,Gl-745A
0.0,GJ-1230A,GJ-1230A
7.190046594424824,GJ-1230A,Gl-695B
7.187583628730868,GJ-1230A,Gl-695A
5.003787591415127,GJ-1230A,Gl-747A
6.113768598826749,GJ-1230A,Gl-721
7.11999617556077,GJ-1230A,NN-4063
8.381223453649234,Gl-109,Gl-105B
8.37580527352445,Gl-109,Gl-105A
9.22890693636034,Gl-109,NN-3128
6.539570631929899,Gl-109,NN-3146
6.8162751925080025,Gl-109,Gl-68
0.0,Gl-109,Gl-109
9.166148849435078,GJ-1111,Gl-244B
9.166148849435078,GJ-1111,Gl-244A
9.091917857086038,GJ-1111,Gl-234A
4.984600157485051,GJ-1111,Gl-280A
5.4926898119227525,GJ-1111,Gl-273
7.71044338673205,GJ-1111,Gl-406
5.2291262797909175,GJ-1111,NN-3522
5.736863047868582,GJ-1111,GJ-1116A
5.736736024081988,GJ-1111,GJ-1116B
7.47443711325475,GJ-1111,Gl-388
0.0,GJ-1111,GJ-1111
8.912211896044662,GJ-1111,Gl-251
6.77360862834575,GJ-1111,Gl-411
9.660131277575893,GJ-1111,Gl-268
7.766564474721111,GJ-1111,Gl-380
3.924560380475755,Gl-268.3,GJ-1093
5.804955838763979,Gl-268.3,Gl-232
0.0,Gl-268.3,Gl-268.3
7.688692998162952,Gl-268.3,Gl-251
7.573272254448534,Gl-268.3,Gl-268
7.554768815787813,Gl-268.3,GJ-1105
5.319409603518046,Gl-695B,Gl-686
9.802101273706572,Gl-695B,Gl-745B
9.787515970868197,Gl-695B,Gl-745A
7.190046594424824,Gl-695B,GJ-1230A
0.0,Gl-695B,Gl-695B
0.004001249804749841,Gl-695B,Gl-695A
8.841299242192857,Gl-695B,Gl-747A
7.764862380622081,Gl-695B,Gl-721
7.8164457734957775,Gl-695B,NN-4063
8.624409742121488,Gl-695B,NN-3991
5.321195944522248,Gl-695A,Gl-686
9.799031744514352,Gl-695A,Gl-745B
9.784446453939026,Gl-695A,Gl-745A
7.187583628730868,Gl-695A,GJ-1230A
0.004001249804749841,Gl-695A,Gl-695B
0.0,Gl-695A,Gl-695A
8.837525547346383,Gl-695A,Gl-747A
7.76175355573726,Gl-695A,Gl-721
7.813244303104824,Gl-695A,NN-4063
8.624305127371132,Gl-695A,NN-3991
9.183806063392236,Gl-502,Gl-486
8.734589850702779,Gl-502,Gl-514
7.400831653267084,Gl-502,Gl-512.1
6.980925770984818,Gl-502,GJ-2097
0.0,Gl-502,Gl-502
2.5108328677950666,Gl-502,NN-3789
9.848823449021715,Gl-502,Gl-434
8.743174799808134,Gl-502,Gl-450
9.327858544167574,Gl-502,Gl-451A
7.638593027514949,Gl-502,Gl-475
9.068604524953109,NN-4247,Gl-829
0.0,NN-4247,NN-4247
8.436956378339287,NN-3789,Gl-514
8.08512340103724,NN-3789,Gl-512.1
9.83273874513098,NN-3789,Gl-526
9.467314207313496,NN-3789,Gl-566B
9.467314207313496,NN-3789,Gl-566A
6.457415105907315,NN-3789,GJ-2097
2.5108328677950666,NN-3789,Gl-502
0.0,NN-3789,NN-3789
8.35382479167477,NN-3789,Gl-475
6.159624320524751,Gl-747A,Gl-745B
6.154565314463727,Gl-747A,Gl-745A
5.003787591415127,Gl-747A,GJ-1230A
8.841299242192857,Gl-747A,Gl-695B
8.837525547346383,Gl-747A,Gl-695A
0.0,Gl-747A,Gl-747A
4.23214344983721,Gl-747A,Gl-721
4.661178278075191,Gl-747A,NN-4063
9.98796769167782,Gl-251,Gl-273
8.860883087480616,Gl-251,Gl-213
8.396267227762586,Gl-251,GJ-1093
9.598149639904557,Gl-251,GJ-1116A
9.597916407741838,Gl-251,GJ-1116B
9.603401018909917,Gl-251,Gl-232
8.912211896044662,Gl-251,GJ-1111
7.688692998162952,Gl-251,Gl-268.3
0.0,Gl-251,Gl-251
2.296197574251833,Gl-251,Gl-268
9.565413355417526,Gl-251,GJ-1105
8.438399607153006,Gl-434,Gl-408
9.848823449021715,Gl-434,Gl-502
0.0,Gl-434,Gl-434
2.03585849459141,Gl-434,Gl-450
2.1082288039963784,Gl-434,Gl-451A
6.220878935488136,Gl-434,Gl-475
6.964149227292592,Gl-434,GJ-1151
8.058035389597144,Gl-450,Gl-408
8.743174799808134,Gl-450,Gl-502
2.03585849459141,Gl-450,Gl-434
0.0,Gl-450,Gl-450
2.094522260564447,Gl-450,Gl-451A
5.334302692948723,Gl-450,Gl-475
6.088296005451772,Gl-450,GJ-1151
8.209526649569998,Gl-411,Sun
6.488995315147022,Gl-411,Gl-447
9.624564166755812,Gl-411,Gl-280A
4.030684583293514,Gl-411,Gl-406
9.745474291177416,Gl-411,NN-3522
8.559519009850963,Gl-411,Gl-473A
8.639683186899852,Gl-411,Gl-388
6.77360862834575,Gl-411,GJ-1111
0.0,Gl-411,Gl-411
9.198499015600316,Gl-411,Gl-412B
9.198653967836815,Gl-411,Gl-412A
7.777447142218325,Gl-411,Gl-380
8.599398863292715,GJ-1289,Gl-896B
8.599398863292715,GJ-1289,Gl-896A
0.0,GJ-1289,GJ-1289
9.904032779630729,GJ-1289,Gl-892
9.907402843328821,Gl-451A,Gl-408
9.327858544167574,Gl-451A,Gl-502
2.1082288039963784,Gl-451A,Gl-434
2.094522260564447,Gl-451A,Gl-450
0.0,Gl-451A,Gl-451A
4.287338052918151,Gl-451A,Gl-475
5.240350189634277,Gl-451A,GJ-1151
9.305711993179242,Gl-268,GJ-1093
9.903001462687968,Gl-268,GJ-1116A
9.902700232259887,Gl-268,GJ-1116B
9.660131277575893,Gl-268,GJ-1111
7.573272254448534,Gl-268,Gl-268.3
2.296197574251833,Gl-268,Gl-251
0.0,Gl-268,Gl-268
7.630639827694659,Gl-268,GJ-1105
8.857404121976145,Gl-268,Gl-338A
8.859213166528956,Gl-268,Gl-338B
9.233464407794076,Gl-820B,Gl-699
9.39417317596392,Gl-820B,Gl-768
0.0,Gl-820B,Gl-820B
0.0,Gl-820B,Gl-820A
6.939316433914799,Gl-820B,Gl-15B
6.939316433914799,Gl-820B,Gl-15A
5.555521139371176,Gl-820B,Gl-905
7.0094800135245405,Gl-820B,Gl-873
5.302555783770689,Gl-820B,GJ-1245A
5.302166510022106,Gl-820B,GJ-1245B
5.127687764480204,Gl-820B,Gl-860B
5.127687764480204,Gl-820B,Gl-860A
6.025652903213062,Gl-820B,Gl-725B
6.0264633028004075,Gl-820B,Gl-725A
9.233464407794076,Gl-820A,Gl-699
9.39417317596392,Gl-820A,Gl-768
0.0,Gl-820A,Gl-820B
0.0,Gl-820A,Gl-820A
6.939316433914799,Gl-820A,Gl-15B
6.939316433914799,Gl-820A,Gl-15A
5.555521139371176,Gl-820A,Gl-905
7.0094800135245405,Gl-820A,Gl-873
5.302555783770689,Gl-820A,GJ-1245A
5.302166510022106,Gl-820A,GJ-1245B
5.127687764480204,Gl-820A,Gl-860B
5.127687764480204,Gl-820A,Gl-860A
6.025652903213062,Gl-820A,Gl-725B
6.0264633028004075,Gl-820A,Gl-725A
9.765334466878233,Gl-721,Gl-745B
9.75694922145237,Gl-721,Gl-745A
6.113768598826749,Gl-721,GJ-1230A
7.764862380622081,Gl-721,Gl-695B
7.76175355573726,Gl-721,Gl-695A
4.23214344983721,Gl-721,Gl-747A
0.0,Gl-721,Gl-721
1.3028940939308917,Gl-721,NN-4063
7.677947696487649,Gl-721,NN-3991
8.226609392088577,Gl-721,Gl-661A
7.11999617556077,NN-4063,GJ-1230A
7.8164457734957775,NN-4063,Gl-695B
7.813244303104824,NN-4063,Gl-695A
4.661178278075191,NN-4063,Gl-747A
1.3028940939308917,NN-4063,Gl-721
0.0,NN-4063,NN-4063
7.380801924587869,NN-4063,NN-3991
8.726789788347142,NN-4063,Gl-661A
7.554768815787813,GJ-1105,Gl-268.3
9.565413355417526,GJ-1105,Gl-251
7.630639827694659,GJ-1105,Gl-268
0.0,GJ-1105,GJ-1105
9.356162496451201,GJ-1105,Gl-338A
9.35766356041934,GJ-1105,Gl-338B
7.963797916823355,GJ-1105,NN-3421
7.638593027514949,Gl-475,Gl-502
8.35382479167477,Gl-475,NN-3789
6.220878935488136,Gl-475,Gl-434
5.334302692948723,Gl-475,Gl-450
4.287338052918151,Gl-475,Gl-451A
0.0,Gl-475,Gl-475
5.229938910733088,Gl-475,GJ-1151
7.459666916826783,Gl-412B,Gl-388
8.844412967517968,Gl-412B,Gl-408
9.198499015600316,Gl-412B,Gl-411
0.0,Gl-412B,Gl-412B
0.002453568829276572,Gl-412B,Gl-412A
3.706492683117019,Gl-412B,Gl-380
7.209413492788438,Gl-412B,Gl-338A
7.208113269087827,Gl-412B,Gl-338B
7.4602216166813715,Gl-412A,Gl-388
8.845733863281215,Gl-412A,Gl-408
9.198653967836815,Gl-412A,Gl-411
0.002453568829276572,Gl-412A,Gl-412B
0.0,Gl-412A,Gl-412A
3.7045427153698745,Gl-412A,Gl-380
7.2070235916083965,Gl-412A,Gl-338A
7.205723405737969,Gl-412A,Gl-338B
8.624409742121488,NN-3991,Gl-695B
8.624305127371132,NN-3991,Gl-695A
7.677947696487649,NN-3991,Gl-721
7.380801924587869,NN-3991,NN-4063
0.0,NN-3991,NN-3991
5.7040667299743255,NN-3991,Gl-661A
4.264216544689071,NN-3991,Gl-623
7.625955422109417,NN-3991,Gl-625
9.804636907606522,NN-3991,GJ-1227
8.930912343652242,Gl-15B,Gl-35
8.948564100457682,Gl-15B,Gl-83.1
6.939316433914799,Gl-15B,Gl-820B
6.939316433914799,Gl-15B,Gl-820A
0.0,Gl-15B,Gl-15B
0.0,Gl-15B,Gl-15A
1.5388487060136875,Gl-15B,Gl-905
6.557882796299428,Gl-15B,Gl-873
4.877795844436297,Gl-15B,Gl-860B
4.877795844436297,Gl-15B,Gl-860A
8.930850430390153,Gl-15B,Gl-34B
8.930850430390153,Gl-15B,Gl-34A
9.636343207877145,Gl-15B,Gl-725B
9.636378810009493,Gl-15B,Gl-725A
8.930912343652242,Gl-15A,Gl-35
8.948564100457682,Gl-15A,Gl-83.1
6.939316433914799,Gl-15A,Gl-820B
6.939316433914799,Gl-15A,Gl-820A
0.0,Gl-15A,Gl-15B
0.0,Gl-15A,Gl-15A
1.5388487060136875,Gl-15A,Gl-905
6.557882796299428,Gl-15A,Gl-873
4.877795844436297,Gl-15A,Gl-860B
4.877795844436297,Gl-15A,Gl-860A
8.930850430390153,Gl-15A,Gl-34B
8.930850430390153,Gl-15A,Gl-34A
9.636343207877145,Gl-15A,Gl-725B
9.636378810009493,Gl-15A,Gl-725A
9.359510438585984,Gl-905,Gl-35
9.922214985576558,Gl-905,Gl-83.1
5.555521139371176,Gl-905,Gl-820B
5.555521139371176,Gl-905,Gl-820A
1.5388487060136875,Gl-905,Gl-15B
1.5388487060136875,Gl-905,Gl-15A
0.0,Gl-905,Gl-905
6.613969758775738,Gl-905,Gl-873
9.98365517683779,Gl-905,GJ-1245A
9.98320751912931,Gl-905,GJ-1245B
4.416181551974511,Gl-905,Gl-860B
4.416181551974511,Gl-905,Gl-860A
9.968714369967673,Gl-905,Gl-34B
9.968714369967673,Gl-905,Gl-34A
8.520398921412072,Gl-905,Gl-725B
8.520542768509527,Gl-905,Gl-725A
9.841402772471005,Gl-873,Gl-896B
9.841402772471005,Gl-873,Gl-896A
7.0094800135245405,Gl-873,Gl-820B
7.0094800135245405,Gl-873,Gl-820A
6.557882796299428,Gl-873,Gl-15B
6.557882796299428,Gl-873,Gl-15A
6.613969758775738,Gl-873,Gl-905
0.0,Gl-873,Gl-873
8.489147369435873,Gl-873,GJ-1245A
8.48842010977308,Gl-873,GJ-1245B
7.280856332877336,Gl-873,Gl-892
5.017707383855698,Gl-873,Gl-860B
5.017707383855698,Gl-873,Gl-860A
7.709170846465916,Gl-873,Gl-34B
7.709170846465916,Gl-873,Gl-34A
9.688191832328673,GJ-1245A,Gl-768
5.302555783770689,GJ-1245A,Gl-820B
5.302555783770689,GJ-1245A,Gl-820A
9.98365517683779,GJ-1245A,Gl-905
8.489147369435873,GJ-1245A,Gl-873
0.0,GJ-1245A,GJ-1245A
0.0007874007874015456,GJ-1245A,GJ-1245B
7.052060499598681,GJ-1245A,Gl-860B
7.052060499598681,GJ-1245A,Gl-860A
5.843049802115329,GJ-1245A,Gl-725B
5.843882960840333,GJ-1245A,Gl-725A
7.889651063260022,GJ-1245A,Gl-687
7.937075591173365,GJ-1245A,Gl-764
9.688151769042433,GJ-1245B,Gl-768
5.302166510022106,GJ-1245B,Gl-820B
5.302166510022106,GJ-1245B,Gl-820A
9.98320751912931,GJ-1245B,Gl-905
8.48842010977308,GJ-1245B,Gl-873
0.0007874007874015456,GJ-1245B,GJ-1245A
0.0,GJ-1245B,GJ-1245B
7.051637570805806,GJ-1245B,Gl-860B
7.051637570805806,GJ-1245B,Gl-860A
5.843347907663894,GJ-1245B,Gl-725B
5.8441810564013155,GJ-1245B,Gl-725A
7.890035443519883,GJ-1245B,Gl-687
7.937195909135669,GJ-1245B,Gl-764
8.226609392088577,Gl-661A,Gl-721
8.726789788347142,Gl-661A,NN-4063
5.7040667299743255,Gl-661A,NN-3991
0.0,Gl-661A,Gl-661A
5.479614090426441,Gl-661A,Gl-623
4.065463931705704,Gl-661A,Gl-625
9.16868783905309,Gl-661A,NN-4053
8.690219093325553,Gl-661A,Gl-687
8.962086202441931,Gl-661A,GJ-1221
4.264216544689071,Gl-623,NN-3991
5.479614090426441,Gl-623,Gl-661A
0.0,Gl-623,Gl-623
4.886214581861915,Gl-623,Gl-625
9.829397691110069,Gl-623,GJ-1227
9.816932397139139,Gl-623,NN-4053
6.964149227292592,GJ-1151,Gl-434
6.088296005451772,GJ-1151,Gl-450
5.240350189634277,GJ-1151,Gl-451A
5.229938910733088,GJ-1151,Gl-475
0.0,GJ-1151,GJ-1151
8.80939914125816,GJ-1151,Gl-424
9.266756763291028,GJ-1151,Gl-487
9.366133856079573,Gl-380,GJ-1116A
9.365776811882718,Gl-380,GJ-1116B
8.031980783094541,Gl-380,Gl-388
7.766564474721111,Gl-380,GJ-1111
7.777447142218325,Gl-380,Gl-411
3.706492683117019,Gl-380,Gl-412B
3.7045427153698745,Gl-380,Gl-412A
0.0,Gl-380,Gl-380
5.585085490840761,Gl-380,Gl-338A
5.584381825233659,Gl-380,Gl-338B
8.664577615210103,Gl-380,Gl-445
8.857404121976145,Gl-338A,Gl-268
9.356162496451201,Gl-338A,GJ-1105
7.209413492788438,Gl-338A,Gl-412B
7.2070235916083965,Gl-338A,Gl-412A
5.585085490840761,Gl-338A,Gl-380
0.0,Gl-338A,Gl-338A
0.0018681541692266753,Gl-338A,Gl-338B
9.789256738384177,Gl-338A,Gl-445
8.859213166528956,Gl-338B,Gl-268
9.35766356041934,Gl-338B,GJ-1105
7.208113269087827,Gl-338B,Gl-412B
7.205723405737969,Gl-338B,Gl-412A
5.584381825233659,Gl-338B,Gl-380
0.0018681541692266753,Gl-338B,Gl-338A
0.0,Gl-338B,Gl-338B
9.788395797065014,Gl-338B,Gl-445
7.963797916823355,NN-3421,GJ-1105
0.0,NN-3421,NN-3421
7.399886766701229,NN-3421,NN-3378
7.625955422109417,Gl-625,NN-3991
4.065463931705704,Gl-625,Gl-661A
4.886214581861915,Gl-625,Gl-623
0.0,Gl-625,Gl-625
9.471799674296326,Gl-625,GJ-1227
7.692328698775165,Gl-625,NN-4053
7.18750165843459,Gl-625,Gl-687
8.905181945923395,Gl-625,Gl-764
6.660665654422236,Gl-625,GJ-1221
9.506665607351506,Gl-625,Gl-713AB
0.0,Gl-53A,Gl-53A
6.789463986206863,Gl-53A,Gl-892
5.099311790820405,Gl-53A,Gl-34B
5.099311790820405,Gl-53A,Gl-34A
5.835737589199842,Gl-53A,Gl-49
6.21820143208629,Gl-53A,Gl-51
8.605671749491727,Gl-53A,Gl-48
9.904032779630729,Gl-892,GJ-1289
7.280856332877336,Gl-892,Gl-873
6.789463986206863,Gl-892,Gl-53A
0.0,Gl-892,Gl-892
9.502553282670927,Gl-892,Gl-860B
9.502553282670927,Gl-892,Gl-860A
5.479916265783632,Gl-892,Gl-34B
5.479916265783632,Gl-892,Gl-34A
7.645040340639151,Gl-892,Gl-809
9.29357645527275,Gl-892,Gl-49
9.675779741705576,Gl-892,Gl-51
9.97925508943428,Gl-892,Gl-48
5.127687764480204,Gl-860B,Gl-820B
5.127687764480204,Gl-860B,Gl-820A
4.877795844436297,Gl-860B,Gl-15B
4.877795844436297,Gl-860B,Gl-15A
4.416181551974511,Gl-860B,Gl-905
5.017707383855698,Gl-860B,Gl-873
7.052060499598681,Gl-860B,GJ-1245A
7.051637570805806,Gl-860B,GJ-1245B
9.502553282670927,Gl-860B,Gl-892
0.0,Gl-860B,Gl-860B
0.0,Gl-860B,Gl-860A
8.20659470486998,Gl-860B,Gl-34B
8.20659470486998,Gl-860B,Gl-34A
6.1710909975465436,Gl-860B,Gl-725B
6.17111583184111,Gl-860B,Gl-725A
8.23362341924866,Gl-860B,Gl-687
7.977064463196972,Gl-860B,Gl-764
5.127687764480204,Gl-860A,Gl-820B
5.127687764480204,Gl-860A,Gl-820A
4.877795844436297,Gl-860A,Gl-15B
4.877795844436297,Gl-860A,Gl-15A
4.416181551974511,Gl-860A,Gl-905
5.017707383855698,Gl-860A,Gl-873
7.052060499598681,Gl-860A,GJ-1245A
7.051637570805806,Gl-860A,GJ-1245B
9.502553282670927,Gl-860A,Gl-892
0.0,Gl-860A,Gl-860B
0.0,Gl-860A,Gl-860A
8.20659470486998,Gl-860A,Gl-34B
8.20659470486998,Gl-860A,Gl-34A
6.1710909975465436,Gl-860A,Gl-725B
6.17111583184111,Gl-860A,Gl-725A
8.23362341924866,Gl-860A,Gl-687
7.977064463196972,Gl-860A,Gl-764
8.930850430390153,Gl-34B,Gl-15B
8.930850430390153,Gl-34B,Gl-15A
9.968714369967673,Gl-34B,Gl-905
7.709170846465916,Gl-34B,Gl-873
5.099311790820405,Gl-34B,Gl-53A
5.479916265783632,Gl-34B,Gl-892
8.20659470486998,Gl-34B,Gl-860B
8.20659470486998,Gl-34B,Gl-860A
0.0,Gl-34B,Gl-34B
0.0,Gl-34B,Gl-34A
9.211552922281887,Gl-34B,Gl-169.1A
9.211552922281887,Gl-34B,Gl-169.1B
9.803148602872445,Gl-34B,Gl-49
8.930850430390153,Gl-34A,Gl-15B
8.930850430390153,Gl-34A,Gl-15A
9.968714369967673,Gl-34A,Gl-905
7.709170846465916,Gl-34A,Gl-873
5.099311790820405,Gl-34A,Gl-53A
5.479916265783632,Gl-34A,Gl-892
8.20659470486998,Gl-34A,Gl-860B
8.20659470486998,Gl-34A,Gl-860A
0.0,Gl-34A,Gl-34B
0.0,Gl-34A,Gl-34A
9.211552922281887,Gl-34A,Gl-169.1A
9.211552922281887,Gl-34A,Gl-169.1B
9.803148602872445,Gl-34A,Gl-49
9.211552922281887,Gl-169.1A,Gl-34B
9.211552922281887,Gl-169.1A,Gl-34A
0.0,Gl-169.1A,Gl-169.1A
0.0,Gl-169.1A,Gl-169.1B
7.942585660224258,Gl-169.1A,NN-3378
9.211552922281887,Gl-169.1B,Gl-34B
9.211552922281887,Gl-169.1B,Gl-34A
0.0,Gl-169.1B,Gl-169.1A
0.0,Gl-169.1B,Gl-169.1B
7.942585660224258,Gl-169.1B,NN-3378
9.43100898419676,Gl-725B,Gl-699
6.025652903213062,Gl-725B,Gl-820B
6.025652903213062,Gl-725B,Gl-820A
9.636343207877145,Gl-725B,Gl-15B
9.636343207877145,Gl-725B,Gl-15A
8.520398921412072,Gl-725B,Gl-905
5.843049802115329,Gl-725B,GJ-1245A
5.843347907663894,Gl-725B,GJ-1245B
6.1710909975465436,Gl-725B,Gl-860B
6.1710909975465436,Gl-725B,Gl-860A
0.0,Gl-725B,Gl-725B
0.0011000000000001313,Gl-725B,Gl-725A
4.719602386854215,Gl-725B,Gl-687
7.469342263546369,Gl-725B,Gl-764
9.24560230596147,Gl-725B,GJ-1221
9.431519708403307,Gl-725A,Gl-699
6.0264633028004075,Gl-725A,Gl-820B
6.0264633028004075,Gl-725A,Gl-820A
9.636378810009493,Gl-725A,Gl-15B
9.636378810009493,Gl-725A,Gl-15A
8.520542768509527,Gl-725A,Gl-905
5.843882960840333,Gl-725A,GJ-1245A
5.8441810564013155,Gl-725A,GJ-1245B
6.17111583184111,Gl-725A,Gl-860B
6.17111583184111,Gl-725A,Gl-860A
0.0011000000000001313,Gl-725A,Gl-725B
0.0,Gl-725A,Gl-725A
4.718871886372844,Gl-725A,Gl-687
7.468919102520792,Gl-725A,Gl-764
9.245038062117429,Gl-725A,GJ-1221
7.399886766701229,NN-3378,NN-3421
7.942585660224258,NN-3378,Gl-169.1A
7.942585660224258,NN-3378,Gl-169.1B
0.0,NN-3378,NN-3378
9.804636907606522,GJ-1227,NN-3991
9.829397691110069,GJ-1227,Gl-623
9.471799674296326,GJ-1227,Gl-625
0.0,GJ-1227,GJ-1227
8.125321653325486,GJ-1227,Gl-809
6.753774533547889,GJ-1227,Gl-793
3.6291948776553724,GJ-1227,NN-4053
9.474058312043471,GJ-1227,Gl-764
7.841643707157319,GJ-1227,GJ-1221
5.304335711472269,GJ-1227,Gl-713AB
7.645040340639151,Gl-809,Gl-892
8.125321653325486,Gl-809,GJ-1227
0.0,Gl-809,Gl-809
3.2423521677942366,Gl-809,Gl-793
7.151215019141852,Gl-809,NN-4053
7.363727630079757,Gl-809,Gl-764
8.764764623194397,Gl-809,GJ-1221
7.477044867459337,Gl-809,Gl-713AB
5.835737589199842,Gl-49,Gl-53A
9.29357645527275,Gl-49,Gl-892
9.803148602872445,Gl-49,Gl-34B
9.803148602872445,Gl-49,Gl-34A
0.0,Gl-49,Gl-49
0.44603750963343936,Gl-49,Gl-51
4.714487207533817,Gl-49,Gl-48
6.21820143208629,Gl-51,Gl-53A
9.675779741705576,Gl-51,Gl-892
0.44603750963343936,Gl-51,Gl-49
0.0,Gl-51,Gl-51
4.827412852657208,Gl-51,Gl-48
6.753774533547889,Gl-793,GJ-1227
3.2423521677942366,Gl-793,Gl-809
0.0,Gl-793,Gl-793
6.770117456145053,Gl-793,NN-4053
9.192892809665517,Gl-793,Gl-764
9.493017894220992,Gl-793,GJ-1221
6.522476692944177,Gl-793,Gl-713AB
8.80939914125816,Gl-424,GJ-1151
0.0,Gl-424,Gl-424
4.467776100030082,Gl-424,Gl-487
9.266756763291028,Gl-487,GJ-1151
4.467776100030082,Gl-487,Gl-424
0.0,Gl-487,Gl-487
9.16868783905309,NN-4053,Gl-661A
9.816932397139139,NN-4053,Gl-623
7.692328698775165,NN-4053,Gl-625
3.6291948776553724,NN-4053,GJ-1227
7.151215019141852,NN-4053,Gl-809
6.770117456145053,NN-4053,Gl-793
0.0,NN-4053,NN-4053
8.560610454868275,NN-4053,Gl-687
6.126107896535941,NN-4053,Gl-764
4.25591600598508,NN-4053,GJ-1221
2.884257176466759,NN-4053,Gl-713AB
7.889651063260022,Gl-687,GJ-1245A
7.890035443519883,Gl-687,GJ-1245B
8.690219093325553,Gl-687,Gl-661A
7.18750165843459,Gl-687,Gl-625
8.23362341924866,Gl-687,Gl-860B
8.23362341924866,Gl-687,Gl-860A
4.719602386854215,Gl-687,Gl-725B
4.718871886372844,Gl-687,Gl-725A
8.560610454868275,Gl-687,NN-4053
0.0,Gl-687,Gl-687
4.2363294725505,Gl-687,Gl-764
4.772540121360951,Gl-687,GJ-1221
9.463602368020329,Gl-687,Gl-713AB
6.879812094817706,Gl-687,Gl-445
7.937075591173365,Gl-764,GJ-1245A
7.937195909135669,Gl-764,GJ-1245B
8.905181945923395,Gl-764,Gl-625
7.977064463196972,Gl-764,Gl-860B
7.977064463196972,Gl-764,Gl-860A
7.469342263546369,Gl-764,Gl-725B
7.468919102520792,Gl-764,Gl-725A
9.474058312043471,Gl-764,GJ-1227
7.363727630079757,Gl-764,Gl-809
9.192892809665517,Gl-764,Gl-793
6.126107896535941,Gl-764,NN-4053
4.2363294725505,Gl-764,Gl-687
0.0,Gl-764,Gl-764
3.4047703314614335,Gl-764,GJ-1221
6.734383412013306,Gl-764,Gl-713AB
8.39708528359692,Gl-764,Gl-445
8.962086202441931,GJ-1221,Gl-661A
6.660665654422236,GJ-1221,Gl-625
9.24560230596147,GJ-1221,Gl-725B
9.245038062117429,GJ-1221,Gl-725A
7.841643707157319,GJ-1221,GJ-1227
8.764764623194397,GJ-1221,Gl-809
9.493017894220992,GJ-1221,Gl-793
4.25591600598508,GJ-1221,NN-4053
4.772540121360951,GJ-1221,Gl-687
3.4047703314614335,GJ-1221,Gl-764
0.0,GJ-1221,GJ-1221
4.724410808767583,GJ-1221,Gl-713AB
7.7096026064901695,GJ-1221,Gl-445
8.605671749491727,Gl-48,Gl-53A
9.97925508943428,Gl-48,Gl-892
4.714487207533817,Gl-48,Gl-49
4.827412852657208,Gl-48,Gl-51
0.0,Gl-48,Gl-48
9.506665607351506,Gl-713AB,Gl-625
5.304335711472269,Gl-713AB,GJ-1227
7.477044867459337,Gl-713AB,Gl-809
6.522476692944177,Gl-713AB,Gl-793
2.884257176466759,Gl-713AB,NN-4053
9.463602368020329,Gl-713AB,Gl-687
6.734383412013306,Gl-713AB,Gl-764
4.724410808767583,Gl-713AB,GJ-1221
0.0,Gl-713AB,Gl-713AB
8.664577615210103,Gl-445,Gl-380
9.789256738384177,Gl-445,Gl-338A
9.788395797065014,Gl-445,Gl-338B
6.879812094817706,Gl-445,Gl-687
8.39708528359692,Gl-445,Gl-764
7.7096026064901695,Gl-445,GJ-1221
0.0,Gl-445,Gl-445
